seine_id,survey_id,set_number,set_type,time_searching,set_time,lat,lon,set_sliders,set_poppers,set_dimpling,fish_retained,so_taken,so_total,pi_taken,pi_total,cu_taken,cu_total,co_taken,co_total,he_taken,he_total,ck_taken,ck_total,preservation_status,collection_protocol,seine_comments,survey_date,site_id,region,zone,site_name,crew,precip,cloud_cover,sea_state,wind_speed,wind_direction,tide_state,survey_time_start,survey_time_end,ysi_cast_id,ctd_cast_id,zoop_sample_id,secchi,net_sets,survey_type,survey_comments,sampling_week,year,yday
DE107N1,DE107,1,targeted,NA,12:30:00,50.16412,-125.1602,NA,NA,NA,Yes,30,500,1,1,10,300,1,1,10,10,NA,NA,1,SEMSP,NA,2015-05-16,D07,DI,C,Hoskyn Channel,"Carolyn Knapper, Brett Johnson, Luke Rogers",none,0,1,0.1-5,SW,NA,NA,NA,NA,NA,QPK1012,5,1,standard,NA,May 19,2015,136
DE111N1,DE111,1,targeted,NA,10:30:00,50.34273,-125.0841,NA,NA,NA,Yes,30,200,2,2,10,100,2,6,5,10,NA,NA,1,SEMSP,"Fish moved by jug from net to buckets (30 sockeye in one 5 gallon pale; 50 total chum, pink, herring, coho in a second five gallon pale and two aquaria) to avoid net collapse on fish during onshore wind.",2015-05-19,D08,DI,E,Calm Channel,"Brett Johnson, Luke Rogers, Kristi Inman, Samantha Crowley",none,0,1,5-10,NW,NA,NA,NA,NA,NA,QPK1016,6.1,1,standard,NA,May 19,2015,139
DE112N1,DE112,1,targeted,NA,08:00:00,50.30787,-125.3293,NA,NA,NA,Yes,30,200,0,0,10,30,1,1,10,30,NA,NA,1,SEMSP,NA,2015-05-20,D09,DI,C,Okisollo Channel,"Brett Johnson, Luke Rogers, Kristi Inman, Samantha Crowley",none,0,1,0.1-5,E,NA,NA,NA,NA,NA,QPK1017,11.4,1,standard,Salmon Farms: Brent Island NA; Venture Point 12 pens stocked; Okisolo Channel no nets in pens; Barnes Bay no nets in pens.,May 19,2015,140
DE115N2,DE115,2,targeted,17,13:00:00,50.18217,-125.1493,NA,NA,NA,Yes,30,200,8,10,10,50,1,1,0,0,NA,NA,1,SEMSP,First set (40 fish) released due to net collapse. Second set targeted different school.,2015-05-21,D07,DI,C,Hoskyn Channel,"Carolyn Knapper, Luke Rogers, Kristi Inman, Samantha Crowley",none,0,2,10-15,NE,NA,NA,NA,NA,NA,QPK1019,4.2,2,standard,NA,May 19,2015,141
DE115N1,DE115,1,targeted,NA,NA,NA,NA,NA,NA,NA,No,0,0,NA,NA,NA,NA,NA,NA,NA,NA,NA,NA,NA,SEMSP,No sockeye in set; did not enumerate,2015-05-21,D07,DI,C,Hoskyn Channel,"Carolyn Knapper, Luke Rogers, Kristi Inman, Samantha Crowley",none,0,2,10-15,NE,NA,NA,NA,NA,NA,QPK1019,4.2,2,standard,NA,May 19,2015,141
DE116N1,DE116,1,targeted,9,07:00:00,50.31962,-125.0395,NA,NA,NA,Yes,29,29,0,0,10,40,1,2,1,1,NA,NA,1,SEMSP,NA,2015-05-23,D08,DI,E,Calm Channel,"Carolyn Knapper, Luke Rogers, Brett Johnson",none,100,1,0,NA,NA,NA,NA,NA,NA,QPK1020,8.7,1,standard,NA,May 26,2015,143
DE117N1,DE117,1,targeted,20,10:15:00,50.44365,-125.279,NA,NA,NA,Yes,30,3000,2,10,2,100,0,0,1,10,NA,NA,1,SEMSP,NA,2015-05-23,D10,DI,E,Hall Point,"Carolyn Knapper, Luke Rogers, Brett Johnson",none,50,1,0.1-5,NW,NA,NA,NA,NA,NA,QPK1021,11,1,standard,NA,May 26,2015,143
DE121N1,DE121,1,targeted,47,12:10:00,50.30723,-125.33345,NA,NA,NA,Yes,30,200,2,2,4,4,0,0,1,1,NA,NA,1,SEMSP,NA,2015-05-24,D09,DI,C,Okisollo Channel,"Carolyn Knapper, Luke Rogers, Brett Johnson, Katie Chan",none,0,1,0.1-5,SW,NA,NA,NA,NA,NA,QPK1023,13.9,1,standard,NA,May 26,2015,144
DE124N1,DE124,1,targeted,0,07:35:00,50.3153,-125.05186,NA,NA,NA,Yes,30,200,0,0,10,40,0,0,0,0,NA,NA,1,SEMSP,NA,2015-05-25,D08,DI,E,Calm Channel,"Luke Rogers, Brett Johnson, Kristi Inman, Katie Chan",none,100,2,5-10,W,NA,NA,NA,NA,NA,QPK1024,7.3,1,standard,NA,May 26,2015,145
DE128N4,DE128,4,targeted,97,08:45:00,50.44466,-125.2804,NA,NA,NA,Yes,30,200,0,0,5,10,1,1,1,2,NA,NA,1,SEMSP,NA,2015-05-26,D10,DI,E,Hall Point,"Luke Rogers, Carolyn Knapper, Kristi Inman",none,100,1,0.1-5,NW,NA,NA,NA,NA,NA,QPK1025,9.9,4,standard,NA,May 26,2015,146
DE128N1,DE128,1,targeted,NA,NA,NA,NA,NA,NA,NA,No,0,0,NA,NA,NA,NA,NA,NA,NA,NA,NA,NA,NA,SEMSP,No sockeye in set; did not enumerate,2015-05-26,D10,DI,E,Hall Point,"Luke Rogers, Carolyn Knapper, Kristi Inman",none,100,1,0.1-5,NW,NA,NA,NA,NA,NA,QPK1025,9.9,4,standard,NA,May 26,2015,146
DE128N2,DE128,2,targeted,NA,NA,NA,NA,NA,NA,NA,No,0,0,NA,NA,NA,NA,NA,NA,NA,NA,NA,NA,NA,SEMSP,No sockeye in set; did not enumerate,2015-05-26,D10,DI,E,Hall Point,"Luke Rogers, Carolyn Knapper, Kristi Inman",none,100,1,0.1-5,NW,NA,NA,NA,NA,NA,QPK1025,9.9,4,standard,NA,May 26,2015,146
DE128N3,DE128,3,targeted,NA,NA,NA,NA,NA,NA,NA,No,0,0,NA,NA,NA,NA,NA,NA,NA,NA,NA,NA,NA,SEMSP,No sockeye in set; did not enumerate,2015-05-26,D10,DI,E,Hall Point,"Luke Rogers, Carolyn Knapper, Kristi Inman",none,100,1,0.1-5,NW,NA,NA,NA,NA,NA,QPK1025,9.9,4,standard,NA,May 26,2015,146
DE130N1,DE130,1,targeted,11,12:29:00,50.30795,-125.32452,NA,NA,NA,Yes,30,40,0,0,10,10,0,0,0,0,NA,NA,1,SEMSP,NA,2015-05-26,D09,DI,C,Okisollo Channel,"Luke Rogers, Carolyn Knapper, Kristi Inman",none,0,1,0.1-5,W,NA,NA,NA,NA,NA,QPK1026,12.9,1,standard,Nordic Queen (Chrys Neville's DFO chartered commercial seiner) set 500 m W of us 1.5 hours after our set.,May 26,2015,146
DE137N1,DE137,1,targeted,28,06:45:00,50.44941,-125.33027,NA,NA,NA,Yes,30,30,0,0,5,10,0,0,1,1,NA,NA,1,SEMSP,NA,2015-05-28,D10,DI,E,Hall Point,"Luke Rogers, Brett Johnson, Kristi Inman, Donnah MacKinnon",none,100,1,0.1-5,NW,NA,NA,NA,NA,NA,QPK1027,9.3,1,standard,NA,May 26,2015,148
DE139N1,DE139,1,targeted,10,11:10:00,50.308839999999996,-125.32275,NA,NA,NA,Yes,30,200,0,0,10,10,0,0,3,3,NA,NA,1,SEMSP,NA,2015-05-28,D09,DI,C,Okisollo Channel,"Luke Rogers, Brett Johnson, Kristi Inman, Donnah MacKinnon",none,0,1,NA,NA,NA,NA,NA,NA,NA,QPK1028,14.3,1,standard,NA,May 26,2015,148
DE143N1,DE143,1,targeted,5,06:25:00,50.31763,-125.04942,NA,NA,NA,Yes,2,2,1,1,10,60,0,0,0,0,NA,NA,1,SEMSP,NA,2015-05-31,D08,DI,E,Calm Channel,"Brett Johnson, Luke Rogers, Carolyn Knapper",none,25,1,0.1-5,NW,NA,NA,NA,NA,NA,QPK1030,11,1,standard,Salmon Farms: Raza Island 10 pens stocked.,June 2,2015,151
DE149N1,DE149,1,targeted,4,06:34:00,50.44527,-125.2774,NA,NA,NA,Yes,30,800,0,0,0,2,1,1,1,1,NA,NA,1,SEMSP,NA,2015-06-01,D10,DI,E,Hall Point,"Carolyn Knapper, Brett Johnson, Luke Rogers",none,75,1,0.1-5,NW,NA,NA,NA,NA,NA,QPK1031,9.8,1,standard,NA,June 2,2015,152
DE151N1,DE151,1,targeted,5,12:53:00,50.30492,-125.33058,NA,NA,NA,Yes,30,500,0,0,10,100,0,0,3,4,NA,NA,1,SEMSP,NA,2015-06-01,D09,DI,C,Okisollo Channel,"Carolyn Knapper, Brett Johnson, Luke Rogers",light,100,0,0,NA,NA,NA,NA,NA,NA,QPK1033,12.5,1,standard,NA,June 2,2015,152
DE152N3,DE152,3,targeted,56,06:42:00,50.44217,-125.27406,NA,NA,NA,Yes,30,500,1,1,10,300,0,0,1,2,NA,NA,1,SEMSP,NA,2015-06-03,D10,DI,E,Hall Point,"Kristi Inman, Luke Rogers, Carolyn Knapper, Dylan Smyth",none,100,0,0,NA,NA,NA,NA,NA,NA,QPK1034,12.3,3,standard,NA,June 2,2015,154
DE152N1,DE152,1,targeted,NA,NA,NA,NA,NA,NA,NA,No,0,0,NA,NA,NA,NA,NA,NA,NA,NA,NA,NA,NA,SEMSP,No sockeye in set; did not enumerate,2015-06-03,D10,DI,E,Hall Point,"Kristi Inman, Luke Rogers, Carolyn Knapper, Dylan Smyth",none,100,0,0,NA,NA,NA,NA,NA,NA,QPK1034,12.3,3,standard,NA,June 2,2015,154
DE152N2,DE152,2,targeted,NA,NA,NA,NA,NA,NA,NA,No,0,0,NA,NA,NA,NA,NA,NA,NA,NA,NA,NA,NA,SEMSP,No sockeye in set; did not enumerate,2015-06-03,D10,DI,E,Hall Point,"Kristi Inman, Luke Rogers, Carolyn Knapper, Dylan Smyth",none,100,0,0,NA,NA,NA,NA,NA,NA,QPK1034,12.3,3,standard,NA,June 2,2015,154
DE154N1,DE154,1,targeted,20,13:11:00,50.30759,-125.32969,NA,NA,NA,Yes,30,40,1,1,10,40,0,0,7,7,NA,NA,1,SEMSP,NA,2015-06-03,D09,DI,C,Okisollo Channel,"Kristi Inman, Luke Rogers, Carolyn Knapper, Dylan Smyth",none,25,2,10-15,W,NA,NA,NA,NA,NA,QPK1036,9.9,1,standard,Salmon Farms: Brent Island 12 pens stocked; Venture Point 12 pens stocked; Okisolo Channel nets in bags on walkways; Barnes Bay NA.,June 2,2015,154
DE155N1,DE155,1,targeted,13,06:23:00,50.31954,-125.04247,NA,NA,NA,Yes,29,60,0,0,2,2,0,0,0,0,NA,NA,1,SEMSP,NA,2015-06-04,D08,DI,E,Calm Channel,"Carolyn Knapper, Brett Johnson, Luke Rogers, Dylan Smyth",none,0,1,0,NA,NA,NA,NA,NA,NA,QPK1037,11.5,1,standard,Salmon Farms: Raza Island 10 pens stocked. Sockeye miscount: new convention two independent counts of fish taken prior to net release.,June 2,2015,155
DE160N1,DE160,1,targeted,19,07:00:00,50.44342,-125.27904,NA,NA,NA,Yes,22,25,3,5,10,600,0,0,1,3,NA,NA,1,SEMSP,NA,2015-06-05,D10,DI,E,Hall Point,"Luke Rogers, Brett Johnson, Kristi Inman",none,25,1,0.1-5,N,NA,NA,NA,NA,NA,QPK1039,13.2,1,standard,NA,June 2,2015,156
DE162N1,DE162,1,targeted,15,10:59:00,50.30771,-125.32864,NA,NA,NA,Yes,30,100,0,0,10,200,1,4,1,1,NA,NA,1,SEMSP,NA,2015-06-05,D09,DI,C,Okisollo Channel,"Luke Rogers, Brett Johnson, Kristi Inman",none,0,0,0,NA,NA,NA,NA,NA,NA,QPK1040,13.3,1,standard,Salmon Farms: Brent Island 12 pens stocked; Venture Point 12 pens stocked; Okisolo Channel NA; Barnes Bay NA.,June 2,2015,156
DE163N1,DE163,1,targeted,9,14:00:00,50.19112,-125.14202,NA,NA,NA,Yes,13,13,0,0,10,100,0,0,0,1,NA,NA,1,SEMSP,NA,2015-06-05,D07,DI,C,Hoskyn Channel,"Luke Rogers, Brett Johnson, Kristi Inman",none,75,1,0.1-5,SE,NA,NA,NA,NA,NA,QPK1041,14.9,1,standard,NA,June 2,2015,156
DE164N1,DE164,1,targeted,22,10:06:00,NA,NA,NA,NA,NA,No,0,0,0,0,0,100,0,1,0,0,NA,NA,NA,SEMSP,"CU = 100 total, CO = 1 total, released",2015-06-06,D08,DI,E,Calm Channel,"Luke Rogers, Kristi Inman, Dylan Smyth, Midoli Bresch",none,0,1,0.1-5,NW,NA,NA,NA,NA,NA,NA,NA,1,standard,NA,June 9,2015,157
DE168N1,DE168,1,targeted,5,10:51:00,50.30812,-125.3269,NA,NA,NA,Yes,30,40,1,1,10,10,0,0,1,1,NA,NA,1,SEMSP,NA,2015-06-07,D09,DI,C,Okisollo Channel,"Luke Rogers, Brett Johnson, Dylan Smyth, Midoli Bresch",none,0,2,5-10,W,NA,NA,NA,NA,NA,QPK1042,16.2,1,standard,Salmon Farms: Brent Island 12 pens stocked; Venture Point 12 pens stocked; Okisolo Channel nets in bags on walkways; Barnes Bay NA.,June 9,2015,158
DE169N2,DE169,2,targeted,17,14:13:00,50.1915,-125.14292,NA,NA,NA,Yes,30,30,6,6,10,70,0,0,0,0,NA,NA,1,SEMSP,NA,2015-06-07,D07,DI,C,Hoskyn Channel,"Luke Rogers, Brett Johnson, Dylan Smyth, Midoli Bresch",none,0,1,0.1-5,E,NA,NA,NA,NA,NA,QPK1043,13.9,2,standard,NA,June 9,2015,158
DE169N1,DE169,1,targeted,NA,NA,NA,NA,NA,NA,NA,No,0,0,NA,NA,NA,NA,NA,NA,NA,NA,NA,NA,NA,SEMSP,No sockeye in set; did not enumerate,2015-06-07,D07,DI,C,Hoskyn Channel,"Luke Rogers, Brett Johnson, Dylan Smyth, Midoli Bresch",none,0,1,0.1-5,E,NA,NA,NA,NA,NA,QPK1043,13.9,2,standard,NA,June 9,2015,158
DE170N2,DE170,2,targeted,30,06:34:00,50.30734,-125.33514,NA,NA,NA,Yes,27,27,1,1,10,100,0,0,3,3,NA,NA,1,SEMSP,Net collapse first set,2015-06-09,D09,DI,C,Okisollo Channel,"Luke Rogers, Carson White, Kristi Inman, Brian Hunt",none,25,2,5-10,W,NA,NA,NA,NA,NA,QPK1044,11.6,2,standard,NA,June 9,2015,160
DE170N1,DE170,1,targeted,NA,NA,NA,NA,NA,NA,NA,No,0,0,NA,NA,NA,NA,NA,NA,NA,NA,NA,NA,NA,SEMSP,No sockeye in set; did not enumerate,2015-06-09,D09,DI,C,Okisollo Channel,"Luke Rogers, Carson White, Kristi Inman, Brian Hunt",none,25,2,5-10,W,NA,NA,NA,NA,NA,QPK1044,11.6,2,standard,NA,June 9,2015,160
DE171N2,DE171,2,targeted,27,10:20:00,NA,NA,NA,NA,NA,No,0,0,0,0,0,0,0,0,0,0,NA,NA,NA,SEMSP,"First set 40 chum, second set 0 fish.",2015-06-09,D08,DI,E,Calm Channel,"Luke Rogers, Kristi Inman, Carson White, Brian Hunt",none,0,1,0.1-5,S,NA,NA,NA,NA,NA,NA,NA,2,standard,NA,June 9,2015,160
DE171N1,DE171,1,targeted,NA,NA,NA,NA,NA,NA,NA,No,0,0,NA,NA,NA,NA,NA,NA,NA,NA,NA,NA,NA,SEMSP,No sockeye in set; did not enumerate,2015-06-09,D08,DI,E,Calm Channel,"Luke Rogers, Kristi Inman, Carson White, Brian Hunt",none,0,1,0.1-5,S,NA,NA,NA,NA,NA,NA,NA,2,standard,NA,June 9,2015,160
DE173N1,DE173,1,targeted,8,13:22:00,50.19077,-125.14249,NA,NA,NA,Yes,30,200,2,2,10,100,5,7,0,1,NA,NA,1,SEMSP,11 sockeye taken for DFO 6 frozen 5 formalin,2015-06-09,D07,DI,C,Hoskyn Channel,"Luke Rogers, Kristi Inman, Carson White, Brian Hunt",none,0,1,5-10,NW,NA,NA,NA,NA,NA,QPK1045,11.5,1,standard,NA,June 9,2015,160
DE174N1,DE174,1,targeted,3,09:20:00,50.30806,-125.32972,NA,NA,NA,Yes,30,100,1,1,10,100,0,0,5,5,NA,NA,1,SEMSP,Samples marked D09(2). Initial set removed due to potential bias from snag on bottom.,2015-06-11,D09,DI,C,Okisollo Channel,"Brett Johnson, Luke Rogers, Carolyn Knapper, Grant Callegri",none,75,2,0.1-5,W,NA,NA,NA,NA,NA,QPK1046,14.3,1,standard,Samples marked D09(2). Initial set removed due to potential bias from snag on bottom.,June 9,2015,162
DE175N1,DE175,1,targeted,17,12:05:00,50.19017,-125.14437,NA,NA,NA,Yes,1,1,3,3,10,25,10,20,0,0,NA,NA,1,SEMSP,NA,2015-06-11,D07,DI,C,Hoskyn Channel,"Brett Johnson, Luke Rogers, Carolyn Knapper, Grant Callegri",none,0,3,0.1-5,E,NA,NA,NA,NA,NA,QPK1048,12.9,1,standard,NA,June 9,2015,162
DE182N1,DE182,1,targeted,10,14:29:00,50.19051,-125.1444,NA,NA,NA,Yes,22,23,3,3,10,100,5,6,0,0,NA,NA,1,SEMSP,Fish with lesions SO # 10,2015-06-13,D07,DI,C,Hoskyn Channel,"Brett Johnson, Kristi Inman, Luke Rogers",none,0,1,5-10,NW,NA,NA,NA,NA,NA,QPK1049,11.4,1,standard,NA,June 16,2015,164
DE183N2,DE183,2,targeted,31,07:30:00,50.30767,-125.33023,NA,NA,NA,Yes,26,26,1,1,10,200,0,0,2,2,NA,NA,1,SEMSP,SO 2 and 26 had lesions on dorasl surface of body. SO 4 had hemorrhaging gills. HE 1 had hem. fins.,2015-06-14,D09,DI,C,Okisollo Channel,"Luke Rogers, Carolyn Knapper, Brett Johnson",none,0,0,0,NA,NA,NA,NA,NA,NA,QPK1050,13.2,2,standard,NA,June 16,2015,165
DE183N1,DE183,1,targeted,NA,NA,NA,NA,NA,NA,NA,No,0,0,NA,NA,NA,NA,NA,NA,NA,NA,NA,NA,NA,SEMSP,No sockeye in set; did not enumerate,2015-06-14,D09,DI,C,Okisollo Channel,"Luke Rogers, Carolyn Knapper, Brett Johnson",none,0,0,0,NA,NA,NA,NA,NA,NA,QPK1050,13.2,2,standard,NA,June 16,2015,165
DE185N2,DE185,2,targeted,33,13:56:00,NA,NA,NA,NA,NA,No,0,0,NA,NA,NA,NA,NA,NA,NA,NA,NA,NA,NA,SEMSP,No sockeye in set; did not enumerate,2015-06-14,D10,DI,E,Hall Point,"Luke Rogers, Carolyn Knapper, Brett Johnson",none,0,0,0,NA,NA,NA,NA,NA,NA,NA,NA,2,standard,No sockeye in sets,June 16,2015,165
DE185N1,DE185,1,targeted,NA,NA,NA,NA,NA,NA,NA,No,0,0,NA,NA,NA,NA,NA,NA,NA,NA,NA,NA,NA,SEMSP,No sockeye in set; did not enumerate,2015-06-14,D10,DI,E,Hall Point,"Luke Rogers, Carolyn Knapper, Brett Johnson",none,0,0,0,NA,NA,NA,NA,NA,NA,NA,NA,2,standard,No sockeye in sets,June 16,2015,165
DE186N1,DE186,1,targeted,54,07:50:00,NA,NA,NA,NA,NA,No,0,0,NA,NA,NA,NA,NA,NA,NA,NA,NA,NA,NA,SEMSP,No sockeye in set; did not enumerate,2015-06-15,D09,DI,C,Okisollo Channel,"Luke Rogers, Brett Johnson, Alex Hare",none,0,1,0.1-5,SW,NA,NA,NA,NA,NA,NA,NA,1,standard,No sockeye in set,June 16,2015,166
DE189N1,DE189,1,targeted,44,12:21:00,NA,NA,NA,NA,NA,No,0,0,NA,NA,NA,NA,NA,NA,NA,NA,NA,NA,NA,SEMSP,No sockeye in set; did not enumerate,2015-06-15,D07,DI,C,Hoskyn Channel,"Luke Rogers, Brett Johnson, Alex Hare",none,0,1,0.1-5,N,NA,NA,NA,NA,NA,NA,NA,1,standard,No sockeye in set,June 16,2015,166
DE190N1,DE190,1,targeted,28,01:50:00,NA,NA,NA,NA,NA,No,0,0,NA,NA,NA,NA,NA,NA,NA,NA,NA,NA,NA,SEMSP,No sockeye in set; did not enumerate,2015-06-16,D09,DI,C,Okisollo Channel,"Luke Rogers, Kristi Inman, Chris Guinchard, Grant Callegari",none,0,1,0.1-5,W,NA,NA,NA,NA,NA,NA,NA,1,standard,No sockeye in set,June 16,2015,167
DE193N1,DE193,1,targeted,15,15:44:00,NA,NA,NA,NA,NA,No,0,0,NA,NA,NA,NA,NA,10,NA,NA,NA,NA,NA,SEMSP,No sockeye in set; did not enumerate,2015-06-16,D07,DI,C,Hoskyn Channel,"Luke Rogers, Kristi Inman, Chris Guinchard, Grant Callegari",none,25,1,0.1-5,NE,NA,NA,NA,NA,NA,NA,NA,1,standard,No sockeye in set,June 16,2015,167
DE194N1,DE194,1,targeted,36,11:02:00,50.32119,-125.03856,NA,NA,NA,Yes,12,13,0,0,10,18,2,2,1,1,NA,NA,1,SEMSP,NA,2015-06-17,D08,DI,E,Calm Channel,"Carolyn Knapper, Kristi Inman, Luke Rogers",none,100,1,0.1-5,NW,NA,NA,NA,NA,NA,QPK1053,4.1,1,standard,NA,June 16,2015,168
DE199N1,DE199,1,targeted,2,11:16:00,50.30819,-125.32694,NA,NA,NA,Yes,30,50,0,0,10,50,0,0,10,10,NA,NA,1,SEMSP,NA,2015-06-18,D09,DI,C,Okisollo Channel,"Luke Rogers, Carolyn Knapper, Brett Johnson",none,100,0,0,NA,NA,NA,NA,NA,NA,QPK1055,11.4,1,standard,NA,June 16,2015,169
DE206N1,DE206,1,targeted,34,12:29:00,50.30597,-125.33588,NA,NA,NA,Yes,30,200,0,0,10,80,2,2,10,10,NA,NA,1,SEMSP,NA,2015-06-20,D09,DI,C,Okisollo Channel,"Brett Johnson. Kristi Inman, Luke Rogers",none,25,1,0.1-5,SE,NA,NA,NA,NA,NA,QPK1059,10.4,1,standard,NA,June 23,2015,171
DE212N2,DE212,2,targeted,67,07:13:00,50.44949,-125.32427,NA,NA,NA,Yes,30,60,0,0,10,200,0,0,0,0,NA,NA,1,SEMSP,NA,2015-06-22,D10,DI,E,Hall Point,"Luke Rogers, Caroyln Knapper, Alex Hare",none,75,1,0.1-5,SE,NA,NA,NA,NA,NA,QPK1060,10.5,2,standard,NA,June 23,2015,173
DE212N1,DE212,1,targeted,NA,NA,NA,NA,NA,NA,NA,No,0,0,NA,NA,NA,NA,NA,NA,NA,NA,NA,NA,NA,SEMSP,No sockeye in set; did not enumerate,2015-06-22,D10,DI,E,Hall Point,"Luke Rogers, Caroyln Knapper, Alex Hare",none,75,1,0.1-5,SE,NA,NA,NA,NA,NA,QPK1060,10.5,2,standard,NA,June 23,2015,173
DE214N1,DE214,1,targeted,8,12:27:00,50,-125,NA,NA,NA,Yes,29,100,7,7,10,300,0,0,4,4,NA,NA,1,SEMSP,NA,2015-06-22,D09,DI,C,Okisollo Channel,"Luke Rogers, Caroyln Knapper, Alex Hare",none,25,1,0.1-5,SE,NA,NA,NA,NA,NA,QPK1061,NA,1,standard,Data entry note: Seems secchi depth was not taken,June 23,2015,173
DE218N1,DE218,1,targeted,10,07:05:00,50.44045,-125.27069,NA,NA,NA,Yes,7,7,0,0,10,40,1,1,1,1,NA,NA,1,SEMSP,NA,2015-06-24,D10,DI,E,Hall Point,"Carolyn Knapper, Luke Rogers, Natalie Mahara",none,100,0,0.1-5,SE,NA,NA,NA,NA,NA,QPK1063,11,1,standard,NA,June 23,2015,175
DE220N1,DE220,1,targeted,2,11:07:00,50.30698,-125.3259,NA,NA,NA,Yes,30,240,0,0,5,5,1,1,0,0,NA,NA,1,SEMSP,NA,2015-06-24,D09,DI,C,Okisollo Channel,"Carolyn Knapper, Luke Rogers, Natalie Mahara",none,100,0,0,NA,NA,NA,NA,NA,NA,QPK1065,12.2,1,standard,NA,June 23,2015,175
DE221N1,DE221,1,targeted,18,09:22:00,50.30702,-125.33509,NA,NA,NA,Yes,19,20,10,20,10,30,0,0,0,0,NA,NA,1,SEMSP,NA,2015-06-27,D09,DI,C,Okisollo Channel,"Luke Rogers, Brett Johnson, Kristi Inman",none,25,2,5-10,W,NA,NA,NA,NA,NA,QPK1066,15.4,1,standard,NA,June 30,2015,178
DE224N1,DE224,1,targeted,59,06:48:00,NA,NA,NA,NA,NA,No,0,0,NA,NA,NA,NA,NA,NA,NA,NA,NA,NA,NA,SEMSP,No sockeye in set; did not enumerate,2015-06-29,D10,DI,E,Hall Point,"Brett Johnson, Luke Rogers, Leo Pontier",none,25,1,0.1-5,NW,NA,NA,NA,NA,NA,NA,NA,1,standard,Too sparse to target,June 30,2015,180
DE226N2,DE226,2,targeted,46,10:52:00,50.30764,-125.33348,NA,NA,NA,Yes,8,8,2,2,10,80,0,0,0,0,NA,NA,1,SEMSP,NA,2015-06-29,D09,DI,C,Okisollo Channel,"Brett Johnson, Luke Rogers, Leo Pontier",none,75,1,0.1-5,E,NA,NA,NA,NA,NA,QPK1068,10.5,2,standard,NA,June 30,2015,180
DE226N1,DE226,1,targeted,NA,NA,NA,NA,NA,NA,NA,No,0,0,NA,NA,NA,NA,NA,NA,NA,NA,NA,NA,NA,SEMSP,No sockeye in set; did not enumerate,2015-06-29,D09,DI,C,Okisollo Channel,"Brett Johnson, Luke Rogers, Leo Pontier",none,75,1,0.1-5,E,NA,NA,NA,NA,NA,QPK1068,10.5,2,standard,NA,June 30,2015,180
DE231N2,DE231,2,targeted,20,09:47:00,50.30377,-125.33768,NA,NA,NA,Yes,30,60,7,8,10,200,0,0,10,20,NA,NA,1,SEMSP,NA,2015-07-02,D09,DI,C,Okisollo Channel,"Carolyn Knapper, Luke Rogers, Kristi Inman",none,0,1,0.1-5,W,NA,NA,NA,NA,NA,QPK1069,12.9,2,standard,NA,June 30,2015,183
DE231N1,DE231,1,targeted,NA,NA,NA,NA,NA,NA,NA,No,0,0,NA,NA,NA,NA,NA,NA,NA,NA,NA,NA,NA,SEMSP,No sockeye in set; did not enumerate,2015-07-02,D09,DI,C,Okisollo Channel,"Carolyn Knapper, Luke Rogers, Kristi Inman",none,0,1,0.1-5,W,NA,NA,NA,NA,NA,QPK1069,12.9,2,standard,NA,June 30,2015,183
DE236N1,DE236,1,targeted,0,06:56:00,50.30641,-125.31584,NA,NA,NA,Yes,4,4,0,0,10,50,0,0,7,7,NA,NA,1,SEMSP,NA,2015-07-06,D09,DI,C,Okisollo Channel,"Brett Johnson, Luke Rogers, Kristi Inman",none,25,0,0,NA,NA,NA,NA,NA,NA,QPK1071,11.3,1,standard,NA,July 6,2015,187
DE239N2,DE239,2,targeted,18,14:13:00,50.3079,-125.32955,NA,NA,NA,Yes,5,5,10,100,10,100,0,0,3,3,NA,NA,1,SEMSP,NA,2015-07-07,D09,DI,C,Okisollo Channel,"Brett Johnson, Luke Rogers, Kristi Inman",none,25,0,0.1-5,E,NA,NA,NA,NA,NA,QPK1074,11.4,2,standard,NA,July 6,2015,188
DE239N1,DE239,1,targeted,NA,NA,NA,NA,NA,NA,NA,No,0,0,NA,NA,NA,NA,NA,NA,NA,NA,NA,NA,NA,SEMSP,No sockeye in set; did not enumerate,2015-07-07,D09,DI,C,Okisollo Channel,"Brett Johnson, Luke Rogers, Kristi Inman",none,25,0,0.1-5,E,NA,NA,NA,NA,NA,QPK1074,11.4,2,standard,NA,July 6,2015,188
DE245N1,DE245,1,targeted,92,07:25:00,50.318037,-125.049415,NA,NA,NA,No,0,0,0,0,0,0,0,0,0,0,NA,NA,NA,SEMSP,"No fish caught in either set. Fish surface activity: rapid splashing as of many fish. Visual on several: small <7cm, some distinct popping also. No specific set activity recorded for second set.",2016-05-09,D08,DI,E,Calm Channel,"Luke Rogers, Yuliya Kuzmenko, Tim Spesivy",none,0,1,0.1-5,NW,NA,NA,NA,NA,NA,QPK685,5,2,standard,"Fish surface activity: rapid splashing as of many fish. Visual on several: small <7cm, some distinct popping also.",May 12,2016,130
DE245N2,DE245,2,targeted,92,07:40:00,50.318037,-125.049415,NA,NA,NA,No,0,0,0,0,0,0,0,0,0,0,NA,NA,NA,SEMSP,"No fish caught in either set. Fish surface activity: rapid splashing as of many fish. Visual on several: small <7cm, some distinct popping also.",2016-05-09,D08,DI,E,Calm Channel,"Luke Rogers, Yuliya Kuzmenko, Tim Spesivy",none,0,1,0.1-5,NW,NA,NA,NA,NA,NA,QPK685,5,2,standard,"Fish surface activity: rapid splashing as of many fish. Visual on several: small <7cm, some distinct popping also.",May 12,2016,130
DE260N1,DE260,1,targeted,35,10:35:00,50.32113,-125.040588,NA,NA,NA,Yes,2,2,3,3,0,0,1,1,9,9,NA,NA,1,SEMSP,NA,2016-05-14,D08,DI,E,Calm Channel,"Brett Johnson, Luke Rogers, Sam James",none,50,0,0,NA,NA,NA,NA,NA,NA,QPK698,2,1,standard,NA,May 12,2016,135
DE261N1,DE261,1,targeted,4,13:01:00,50.19304,-125.136573,NA,NA,NA,Yes,30,100,2,2,3,3,1,1,10,16,NA,NA,1,SEMSP,NA,2016-05-14,D07,DI,C,Hoskyn Channel,"Brett Johnson, Luke Rogers, Sam James",none,50,1,0.1-5,NW,NA,NA,NA,NA,NA,QPK699,1.5,1,standard,NA,May 12,2016,135
DE262N1,DE262,1,targeted,71,07:40:00,50.287179,-125.33416,NA,NA,NA,No,0,0,0,0,0,1,0,2,0,0,NA,NA,NA,SEMSP,NA,2016-05-15,D09,DI,C,Okisollo Channel,"Luke Rogers, Tim Spesivy, Sam James",none,100,1,0.1-5,W,NA,NA,NA,NA,NA,QPK700,8.5,1,standard,NA,May 19,2016,136
DE263N1,DE263,1,targeted,16,09:50:00,50.243454,-125.398108,NA,NA,NA,Yes,30,700,10,20,10,30,2,2,10,30,NA,NA,1,SEMSP,NA,2016-05-15,D22,DI,E,McMullen Point,"Luke Rogers, Tim Spesivy, Sam James",none,50,2,5-10,N,NA,NA,NA,NA,NA,QPK701,8.5,1,standard,NA,May 19,2016,136
DE274N1,DE274,1,targeted,25,06:56:00,50.319977,-125.042165,NA,NA,NA,Yes,30,100,3,3,8,8,1,1,0,0,NA,NA,1,SEMSP,NA,2016-05-19,D08,DI,E,Calm Channel,"Luke Rogers, Sam James, Olivia Gutjahr",none,100,1,0.1-5,NW,NA,NA,NA,NA,NA,QPK709,6,1,standard,NA,May 19,2016,140
DE276N1,DE276,1,targeted,7,14:10:00,50.191099,-125.138578,NA,NA,NA,Yes,30,100,10,70,10,70,0,0,0,0,NA,NA,1,SEMSP,NA,2016-05-19,D07,DI,C,Hoskyn Channel,"Luke Rogers, Sam James, Olivia Gutjahr",light,100,1,0.1-5,N,NA,NA,NA,NA,NA,QPK711,5,1,standard,NA,May 19,2016,140
DE277N1,DE277,1,targeted,4,06:30:00,50.30908,-125.325703,NA,NA,NA,Yes,30,600,10,40,10,40,1,1,0,0,NA,NA,1,SEMSP,Coho neglected and in dry shipper.,2016-05-23,D09,DI,C,Okisollo Channel,"Luke Rogers, Olivia Gutjahr, Tim Spesivy",none,100,1,0,NA,NA,NA,NA,NA,NA,QPK712,12.3,1,standard,YSI did not calibrate this morning- fluctuating readings. Coho neglected and in dry shipper.,May 26,2016,144
DE278N1,DE278,1,targeted,19,09:30:00,50.274701,-125.377445,NA,NA,NA,Yes,30,600,10,100,10,100,0,0,4,4,NA,NA,1,SEMSP,NA,2016-05-23,D27,DI,E,Granite Point,"Luke Rogers, Olivia Gutjahr, Tim Spesivy",none,100,1,5-10,NW,NA,NA,NA,NA,NA,QPK713,12,1,standard,NA,May 26,2016,144
DE279N1,DE279,1,targeted,45,13:00:00,50.224106,-125.395004,NA,NA,NA,No,0,0,0,0,0,0,0,0,0,0,NA,NA,NA,SEMSP,First set originally not entered due to no fish in catch. Set surface activity was not recorded for first set.,2016-05-23,D22,DI,E,McMullen Point,"Luke Rogers, Olivia Gutjahr, Tim Spesivy",none,25,2,10-15,N,NA,NA,NA,NA,NA,QPK714,10.4,2,standard,NA,May 26,2016,144
DE279N2,DE279,2,targeted,45,13:25:00,50.224106,-125.395004,NA,NA,NA,Yes,30,600,10,60,10,60,7,7,3,3,NA,NA,1,SEMSP,NA,2016-05-23,D22,DI,E,McMullen Point,"Luke Rogers, Olivia Gutjahr, Tim Spesivy",none,25,2,10-15,N,NA,NA,NA,NA,NA,QPK714,10.4,2,standard,NA,May 26,2016,144
DE284N1,DE284,1,targeted,42,07:13:00,50.3175,-125.050736,NA,NA,NA,No,0,3,0,1,0,9,0,1,0,0,NA,NA,NA,SEMSP,NA,2016-05-26,D08,DI,E,Calm Channel,"Luke Rogers, Lauren Portner, Sam James",none,50,1,0.1-5,W,NA,NA,NA,NA,NA,QPK717B,7.5,2,standard,NA,May 26,2016,147
DE284N2,DE284,2,targeted,42,07:52:00,50.3175,-125.050736,NA,NA,NA,No,0,2,0,40,0,20,0,2,0,0,NA,NA,NA,SEMSP,NA,2016-05-26,D08,DI,E,Calm Channel,"Luke Rogers, Lauren Portner, Sam James",none,50,1,0.1-5,W,NA,NA,NA,NA,NA,QPK717B,7.5,2,standard,NA,May 26,2016,147
DE287N1,DE287,1,targeted,5,11:06:00,50.190737,-125.143169,NA,NA,NA,Yes,30,600,10,80,10,80,0,0,0,0,NA,NA,1,SEMSP,NA,2016-05-26,D07,DI,C,Hoskyn Channel,"Luke Rogers, Lauren Portner, Sam James",none,100,1,0.1-5,N,NA,NA,NA,NA,NA,QPK719,4,1,standard,NA,May 26,2016,147
DE288N1,DE288,1,targeted,9,07:00:00,50.243773,-125.397476,NA,NA,NA,Yes,30,400,10,40,8,20,0,0,0,1,NA,NA,1,SEMSP,NA,2016-05-27,D22,DI,E,McMullen Point,"Luke Rogers, Lauren Portner, Sam James",none,75,1,10-15,NW,NA,NA,NA,NA,NA,QPK720,12,1,standard,appr. 2 ml of zooplankton sample was lost,May 26,2016,148
DE290N1,DE290,1,targeted,5,11:30:00,50.304166,-125.333511,NA,NA,NA,No,0,0,0,0,0,0,0,0,0,0,NA,NA,NA,SEMSP,"Caught net on bottom, abandoned set to free net.",2016-05-27,D09,DI,C,Okisollo Channel,"Luke Rogers, Lauren Portner, Sam James",none,75,1,5-10,NW,NA,NA,NA,NA,NA,QPK722,10.5,2,standard,"Caught net on bottom, abandoned set to free net.",May 26,2016,148
DE290N2,DE290,2,targeted,5,12:32:00,50.304166,-125.333511,NA,NA,NA,Yes,30,200,9,9,10,13,0,0,4,4,NA,NA,1,SEMSP,NA,2016-05-27,D09,DI,C,Okisollo Channel,"Luke Rogers, Lauren Portner, Sam James",none,75,1,5-10,NW,NA,NA,NA,NA,NA,QPK722,10.5,2,standard,"Caught net on bottom, abandoned set to free net.",May 26,2016,148
DE292N1,DE292,1,targeted,0,07:47:00,50.308769,-125.326765,NA,NA,NA,Yes,30,200,3,3,10,60,0,0,0,0,NA,NA,1,SEMSP,NA,2016-06-01,D09,DI,C,Okisollo Channel,"Brett Johnson, Luke Rogers, Mirko Diaz",none,100,1,0.1-5,NW,NA,NA,NA,NA,NA,QPK723,11.5,1,standard,NA,June 2,2016,153
DE293N1,DE293,1,targeted,0,10:50:00,50.274055,-125.328828,NA,NA,NA,Yes,30,1000,10,100,10,100,1,2,10,13,NA,NA,1,SEMSP,NA,2016-06-01,D27,DI,E,Granite Point,"Brett Johnson, Luke Rogers, Mirko Diaz",none,50,1,0.1-5,NW,NA,NA,NA,NA,NA,QPK724,14,1,standard,Starting to use 64 um sieved filter for zooplankton preservation,June 2,2016,153
DE294N1,DE294,1,targeted,2,14:35:00,50.24565,-125.396035,NA,NA,NA,Yes,30,50,10,100,10,10,0,0,0,0,NA,NA,1,SEMSP,First dayaltering search time method. First day with altered set/site-wide surface activity,2016-06-01,D22,DI,E,McMullen Point,"Brett Johnson, Luke Rogers, Mirko Diaz",none,100,1,0.1-5,NW,NA,NA,NA,NA,NA,QPK725,15,1,standard,First dayaltering search time method. First day with altered set/site-wide surface activity,June 2,2016,153
DE297N1,DE297,1,targeted,5,14:39:00,50.462513,-125.368231,NA,NA,NA,Yes,30,300,4,100,3,80,0,0,0,1,NA,NA,1,SEMSP,NA,2016-06-02,D20,DI,E,Godwin Point,"Brett Johnson, Tim Spesivy, Sam James",light,100,1,0.1-5,SE,NA,NA,NA,NA,NA,QPK728,8.5,1,standard,NA,June 2,2016,154
DE300N1,DE300,1,targeted,4,12:45:00,50.190887,-125.143416,NA,NA,NA,Yes,30,600,10,100,10,100,1,2,0,0,NA,NA,1,SEMSP,NA,2016-06-03,D07,DI,C,Hoskyn Channel,"Luke Rogers, Sam James, Mirko Diaz",none,100,1,0.1-5,N,NA,NA,NA,NA,NA,QPK731,9.3,1,standard,NA,June 2,2016,155
DE301N1,DE301,1,targeted,1,08:25:00,50.30436,-125.332956,NA,NA,NA,Yes,30,80,0,0,10,15,0,0,0,0,NA,NA,1,SEMSP,"Visual estimate of catch: 80 sockeye, 5 chum, 3 chinook. Census of catch (milk jug scoop): 82 sockeye, 8 chum, 3 chinook.Total abundance estimate: B: 110, L: 80, M: 60",2016-06-07,D09,DI,C,Okisollo Channel,"Brett Johnson, Sam James, Luke Rogers, Mirko Diaz",none,25,1,0.1-5,NW,NA,NA,NA,NA,NA,QPK732,11.5,1,standard,"Set concurrent with Chrys Set (Nordic Queen), Lenora set (Beach Seine 1), and Stephane Transects (Pellesi).",June 9,2016,159
DE302N1,DE302,1,targeted,4,13:10:00,50.242671,-125.398265,NA,NA,NA,Yes,30,570,10,36,10,80,1,2,10,16,NA,NA,1,SEMSP,"Counted fish individually as they swam over the corks during release process for more precise enumeration. Numbers on reverse of data sheet. Enumerated numbers was conducted after sampling and does not include sampled fish. Sockeye: 537, chum: 71, pink: 36, coho: 1, herring: 6",2016-06-07,D22,DI,E,McMullen Point,"Luke Rogers, Sam James, Mirko Diaz",none,0,2,5-10,N,NA,NA,NA,NA,NA,QPK733,12.5,1,standard,NA,June 9,2016,159
DE305N1,DE305,1,targeted,17,11:45:00,50.461604,-125.368943,NA,NA,NA,No,0,0,0,0,0,0,0,0,0,0,NA,NA,NA,SEMSP,No fish in first set.,2016-06-08,D20,DI,E,Godwin Point,"Luke Rogers, Tim Spesivy, Shannon Mendt",none,100,1,0.1-5,NW,NA,NA,NA,NA,NA,QPK736,8.5,2,standard,No fish in first set.,June 9,2016,160
DE305N2,DE305,2,targeted,17,12:00:00,50.461604,-125.368943,NA,NA,NA,Yes,30,100,10,50,10,50,1,1,0,0,NA,NA,1,SEMSP,NA,2016-06-08,D20,DI,E,Godwin Point,"Luke Rogers, Tim Spesivy, Shannon Mendt",none,100,1,0.1-5,NW,NA,NA,NA,NA,NA,QPK736,8.5,2,standard,No fish in first set.,June 9,2016,160
DE307N1,DE307,1,targeted,2,07:00:00,50.31794,-125.050807,NA,NA,NA,Yes,0,0,10,26,10,40,1,1,1,1,NA,NA,1,SEMSP,NA,2016-06-09,D08,DI,E,Calm Channel,"Brett Johnson, Tim Spesivy, Shannon Mendt",none,100,2,0.1-5,NW,NA,NA,NA,NA,NA,QPK737,6.5,1,standard,NA,June 9,2016,161
DE308N1,DE308,1,targeted,1,10:30:00,50.190683,-125.143138,NA,NA,NA,Yes,30,80,10,60,4,100,0,0,0,0,NA,NA,1,SEMSP,"Fish became unhappy in net, released before able to take all 10 chum samples",2016-06-09,D07,DI,C,Hoskyn Channel,"Brett Johnson, Tim Spesivy, Shannon Mendt",none,100,1,0.1-5,S,NA,NA,NA,NA,NA,QPK738,4.5,1,standard,NA,June 9,2016,161
DE320N1,DE320,1,targeted,11,08:47:00,50.235322,-125.39888,NA,NA,NA,Yes,30,200,10,400,10,400,0,0,0,0,NA,NA,1,SEMSP,mort due to miscount,2016-06-14,D22,DI,E,McMullen Point,"Luke Rogers, Brianna Knowles, Sam James",none,25,1,0.1-5,SE,NA,NA,NA,NA,NA,QPK746,11,1,standard,NA,June 16,2016,166
DE321N1,DE321,1,targeted,2,11:58:00,50.275083,-125.381356,NA,NA,NA,Yes,6,6,10,500,10,20,0,0,0,0,NA,NA,1,SEMSP,mort due to miscount. DS00996 clip removed because it was a pink not a sockeye.,2016-06-14,D27,DI,E,Granite Point,"Luke Rogers, Brianna Knowles, Sam James",none,100,1,0.1-5,SE,NA,NA,NA,NA,NA,QPK748,12.5,1,standard,NA,June 16,2016,166
DE322N1,DE322,1,targeted,3,14:20:00,50.307203,-125.332605,NA,NA,NA,Yes,30,100,10,100,10,200,0,0,0,0,NA,NA,1,SEMSP,"3 random sets conducted over DFO accoustic moorings. 1) 06:34 @ 50.305971N, 125.334369W - Dimpling observed but no fish in net. 2) 06:59 @ same as 1st set - some dimpling observed, no fish in net. 3) 07:40 @ western mooring. No surface activity observed, no fish.",2016-06-14,D09,DI,C,Okisollo Channel,"Luke Rogers, Brianna Knowles, Sam James",none,50,1,0.1-5,S,NA,NA,NA,NA,NA,NA,11,1,standard,"3 random sets conducted over DFO accoustic moorings. 1) 06:34 @ 50.305971N, 125.334369W - Dimpling observed but no fish in net. 2) 06:59 @ same as 1st set - some dimpling observed, no fish in net. 3) 07:40 @ western mooring. No surface activity observed, no fish.",June 16,2016,166
DE323N1,DE323,1,targeted,52,06:58:00,50.319224,-125.044219,NA,NA,NA,No,0,0,0,0,0,0,0,0,0,0,NA,NA,NA,SEMSP,"Sampling with DFO. Chrys Neville/Nordic Queen first set time: 06:33. One splash and one dimple ovserved, but not deemed 'settable school'. No other surface activity observed in area. DFO also reported minimal fish in their catch, almost no sockeye.",2016-06-16,D08,DI,E,Calm Channel,"Sam James, Kate Holmes, Luke Rogers",none,25,0,0,NA,NA,NA,NA,NA,NA,QPK749,11,2,standard,"Sampling with DFO. Chrys Neville/Nordic Queen first set time: 06:33. One splash and one dimple ovserved, but not deemed 'settable school'. No other surface activity observed in area. DFO also reported minimal fish in their catch, almost no sockeye.",June 16,2016,168
DE327N1,DE327,1,targeted,9,11:23:00,50.191383,-125.143884,NA,NA,NA,Yes,30,100,10,30,10,30,0,0,0,0,NA,NA,1,SEMSP,"Released first set, then remembered Brett's request for trainer fish. 10 or more fish escaped from the net through gaps between net and corks.",2016-06-16,D07,DI,C,Hoskyn Channel,"Sam James, Kate Holmes, Luke Rogers",none,25,0,0.1-5,S,NA,NA,NA,NA,NA,QPK751,8.5,2,standard,NA,June 16,2016,168
DE327N2,DE327,2,targeted,9,14:00:00,50.191383,-125.143884,NA,NA,NA,Yes,30,300,0,100,0,100,0,0,0,0,NA,NA,1,SEMSP,"Took 30 sockeye to train lab personnel. Set time not taken, but estimated to be 14:00.",2016-06-16,D07,DI,C,Hoskyn Channel,"Sam James, Kate Holmes, Luke Rogers",none,25,0,0.1-5,S,NA,NA,NA,NA,NA,QPK751,8.5,2,standard,NA,June 16,2016,168
DE329N1,DE329,1,targeted,3,09:23:00,50.30661,-125.335266,NA,NA,NA,No,0,0,0,0,0,0,0,0,0,0,NA,NA,NA,SEMSP,"DFO set at 09:30. No fish in our first set but large school observed. 3 CTD drops total: 1 practice, 1 @ oceanography site (65m), 1 @ fish site (10m)",2016-06-21,D09,DI,C,Okisollo Channel,"Brett Johnson, Brianna Knowles, Sam James",none,25,1,0,NA,NA,NA,NA,NA,D22_2016-06-21_2,QPK752,13,2,standard,"DFO set at 09:30. No fish in our first set but large school observed. 3 CTD drops total: 1 practice, 1 @ oceanography site (65m), 1 @ fish site (10m)",June 23,2016,173
DE329N2,DE329,2,targeted,3,09:36:00,50.30661,-125.335266,NA,NA,NA,Yes,14,14,10,20,10,30,0,0,0,0,NA,NA,1,SEMSP,"DFO set at 09:30. No fish in our first set but large school observed. 3 CTD drops total: 1 practice, 1 @ oceanography site (65m), 1 @ fish site (10m), catch enumerated (sockeye: 14, chum: 36, pink: 27)",2016-06-21,D09,DI,C,Okisollo Channel,"Brett Johnson, Brianna Knowles, Sam James",none,25,1,0,NA,NA,NA,NA,NA,D22_2016-06-21_2,QPK752,13,2,standard,"DFO set at 09:30. No fish in our first set but large school observed. 3 CTD drops total: 1 practice, 1 @ oceanography site (65m), 1 @ fish site (10m)",June 23,2016,173
DE331N1,DE331,1,targeted,7,14:37:00,50.236643,-125.39734,NA,NA,NA,No,0,0,NA,NA,NA,NA,NA,NA,NA,NA,NA,NA,NA,SEMSP,3rd set caught approximately 300 fish. Current caused issues and needed to release set.,2016-06-21,D22,DI,E,McMullen Point,"Brett Johnson, Brianna Knowles, Sam James",none,25,1,0.1-5,NW,NA,NA,NA,NA,D22_2016-06-21_2,QPK753,10,1,standard,On site for 2 hours. Only 1 successful set conducted,June 23,2016,173
DE338N1,DE338,1,targeted,8,13:00:00,50.458706,-125.365059,NA,NA,NA,Yes,30,50,10,100,10,100,0,0,3,3,NA,NA,1,SEMSP,NA,2016-06-22,D20,DI,E,Godwin Point,"Luke Rogers, Tim Spesivy, Brianna Knowles",none,100,1,0.1-5,N,NA,NA,NA,NA,D20_2016-06-22_2,QPK757,9,1,standard,NA,June 23,2016,174
DE350N2,DE350,2,targeted,14,10:02:00,50.307068,-125.329361,NA,NA,NA,No,0,0,0,0,0,0,0,0,0,0,NA,NA,NA,SEMSP,"Set 2 with DFO. DFO set at 10:00, Sloop Jo set at 10:02. Targeted school seen below the surface. No fish.",2016-06-29,D09,DI,C,Okisollo Channel,"Luke Rogers, Brett Johnson, Sam James, Grant Callegari",none,0,0,0.1-5,W,NA,NA,NA,NA,NA,QPK769,11.5,2,standard,"Set 1 with DFO. DFO set at 09:22, Sloop Jo set at 09:24. Random set, no fish.",June 30,2016,181
DE355N1,DE355,1,targeted,15,15:15:00,50.462531,-125.359047,NA,NA,NA,Yes,6,6,10,70,10,50,0,0,0,0,NA,NA,1,SEMSP,"Search paused at 14:51, continued at 15:08.",2016-06-30,D20,DI,E,Godwin Point,"Sam James, Luke Rogers, Brianna Knowles",none,75,1,0.1-5,NE,NA,NA,NA,NA,NA,QPK772,9.5,1,standard,"Search paused at 14:51, continued at 15:08.",June 30,2016,182
DE360N1,DE360,1,targeted,8,06:40:00,50.275178,-125.378066,NA,NA,NA,Yes,24,24,10,200,10,40,0,0,0,0,NA,NA,1,SEMSP,NA,2016-07-06,D27,DI,E,Granite Point,"Brett Johnson, Luke Rogers, Sam James",none,75,1,0.1-5,SE,NA,NA,NA,NA,D27_2016-07-06_2,QPK777,9.5,1,standard,NA,July 6,2016,188
DE361N1,DE361,1,targeted,3,09:45:00,50.304502,-125.336639,NA,NA,NA,No,0,1,0,40,0,20,0,0,0,0,NA,NA,NA,SEMSP,re set because there was lots of surface activity elsewhere,2016-07-06,D09,DI,C,Okisollo Channel,"Brett Johnson, Luke Rogers, Sam James",none,25,1,0.1-5,S,NA,NA,NA,NA,D09_2016-07-06_2,QPK778,10.5,2,standard,re set because there was lots of surface activity elsewhere,July 6,2016,188
DE361N2,DE361,2,targeted,NA,10:15:00,50.307066,-125.322977,NA,NA,NA,Yes,8,8,10,100,10,100,1,1,0,0,NA,NA,1,SEMSP,"DFO set: @ 09:55. Luke thinks they fd (net twist) But SJ and BJ think different. LR probably correct because we heard swearing from DFO boat during their net retrieval. Our catch enumerated: 195 fish. DFO caught chum, coho, no sox. DFO earlier in the day caight ~ 300 fish mostly pink + chum with chinook at Deep Water Bay.",2016-07-06,D09,DI,C,Okisollo Channel,"Brett Johnson, Luke Rogers, Sam James",none,25,1,0.1-5,S,NA,NA,NA,NA,D09_2016-07-06_2,QPK778,10.5,2,standard,re set because there was lots of surface activity elsewhere,July 6,2016,188
DE365N1,DE365,1,targeted,NA,08:50:00,50.309067,-125.3257,1,0,10,Yes,30,30,2,2,10,50,4,4,0,0,0,0,1,SEMSP,9th chum & water poured out of whirl pack by accident. Seine ID formerly DN3,2017-05-25,D09,DI,C,Okisollo Channel,"Brett Johnson, Sam James, Carly Janusson, Luke Rogers",none,0,2,0.1-5,W,high slack,07:14:00,07:29:00,NA,D09_2017-05-25_2,QPK786,12.5,1,standard,NA,May 26,2017,145
DE366N1,DE366,1,targeted,NA,10:47:00,50.17999062,-125.0189455,1,0,10,Yes,30,168,0,0,0,0,5,5,1,1,0,0,1,SEMSP,Informal site survery; did not have time for a lousing seine. First coho out at 11:26; in dewar at unknown time (in quickly though). Coho # 2 onwards out at 12:36. Seine ID formerly DN5,2017-05-26,D34,DI,E,Penn Islands,"Brett Johnson, Luke Rogers, Julian Gan, Carly Janusson",none,0,0,0,NA,ebb,NA,NA,NA,D34_2017-05-26_2,QPK788,11,1,standard,Informal site survery; did not have time for a lousing seine. First coho out at 11:26; in dewar at unknown time (in quickly though). Coho # 2 onwards out at 12:36,May 26,2017,146
DE367N1,DE367,1,targeted,NA,11:43:00,50.309278,-125.320699,1,0,10,Yes,8,8,1,1,10,105,0,0,1,1,0,0,1,SEMSP,Seine ID formerly DN7,2017-05-29,D09,DI,C,Okisollo Channel,"Luke Rogers, Sam James, Julian Gan, Carly Janusson",none,75,0,0,NA,ebb,11:19:00,11:34:00,NA,D09_2017-05-29_2,QPK790,12,1,standard,NA,May 26,2017,149
DE370N1,DE370,1,targeted,NA,11:15:00,50.274875,-125.376937,1,0,1,Yes,30,420,10,20,10,50,0,0,3,3,0,0,1,SEMSP,Time out of water for PI estimated.. Seine ID formerly DN13,2017-06-05,D27,DI,W,Granite Point,"Luke Rogers, Sam James, Julian Gan, Brenna Collicutt",none,25,1,5-10,SE,flood,10:45:00,11:00:00,NA,D27_2017-06-05_2,QPK796,12.5,1,standard,NA,June 2,2017,156
DE371N1,DE371,1,targeted,NA,08:00:00,50.307761,-125.325384,1,0,10,Yes,30,380,5,5,11,160,0,0,3,3,0,0,1,SEMSP,Hinch set @ 06:30; 100 SO retained by Hinch crew. 1 unhealthy SO released. 1 trainer CU taken.. Seine ID formerly DN15,2017-06-07,D09,DI,C,Okisollo Channel,"Luke Rogers, Julian Gan, Brenna Collicutt, Sam James",none,100,0,0,NA,ebb,07:26:00,07:41:00,NA,D09_2017-06-07_2,QPK797,9.5,2,standard,Hinch set @ 06:30; 100 SO retained by Hinch crew. 1 unhealthy SO released. 1 trainer CU taken.,June 9,2017,158
DE371N2,DE371,2,targeted,NA,11:00:00,50.306252,-125.336051,1,0,0,No,0,105,0,0,0,70,0,0,0,0,0,0,NA,SEMSP,Seine ID formerly DN16,2017-06-07,D09,DI,C,Okisollo Channel,"Luke Rogers, Julian Gan, Brenna Collicutt, Sam James",none,100,0,0,NA,ebb,07:26:00,07:41:00,NA,D09_2017-06-07_2,QPK797,9.5,2,standard,Hinch set @ 06:30; 100 SO retained by Hinch crew. 1 unhealthy SO released. 1 trainer CU taken.,June 9,2017,158
DE372N1,DE372,1,targeted,NA,10:05:00,50.3041,-125.33841,1,0,0,Yes,30,85,0,0,10,128,0,0,1,1,0,0,1,SEMSP,1 chum trainer sample. Seine ID formerly DN17,2017-06-12,D09,DI,C,Okisollo Channel,"Brett Johnson, Luke Rogers, Wade Smith, Sam James",none,25,1,0.1-5,NW,ebb,09:36:00,09:51:00,NA,D09_2017-06-12_2,QPK799,11.5,2,standard,NA,June 9,2017,163
DE372N2,DE372,2,targeted,NA,12:40:00,50.307811,-125.329505,1,0,0,No,0,30,0,0,0,270,0,0,0,0,0,0,NA,SEMSP,Seine ID formerly DN18,2017-06-12,D09,DI,C,Okisollo Channel,"Brett Johnson, Luke Rogers, Wade Smith, Sam James",none,25,1,0.1-5,NW,ebb,09:36:00,09:51:00,NA,D09_2017-06-12_2,QPK799,11.5,2,standard,NA,June 9,2017,163
DE373N1,DE373,1,targeted,NA,09:15:00,50.29725,-125.338485,1,0,0,Yes,23,23,2,3,10,285,0,0,2,2,0,0,1,SEMSP,"U10762 - some water dumped out of bag. 1 trainer PI retained. 1 SO retained for GM (M7, MP4). Seine ID formerly DN19",2017-06-26,D09,DI,C,Okisollo Channel,"Luke Rogers, Carly Janusson, Sam James, Julian Gan",none,75,1,0.1-5,NW,flood,06:37:00,06:55:00,NA,D09_2017-06-26_2,QPK1084,10,2,standard,NA,June 23,2017,177
DE373N2,DE373,2,targeted,NA,11:52:00,50.297362,-125.339472,1,0,0,Yes,8,14,0,0,0,120,0,0,0,0,0,0,1,SEMSP,Seine ID formerly DN20,2017-06-26,D09,DI,C,Okisollo Channel,"Luke Rogers, Carly Janusson, Sam James, Julian Gan",none,75,1,0.1-5,NW,flood,06:37:00,06:55:00,NA,D09_2017-06-26_2,QPK1084,10,2,standard,NA,June 23,2017,177
DE374N1,DE374,1,targeted,NA,07:30:00,50.434701,-125.26607,1,10,0,Yes,10,10,0,0,10,535,0,0,1,1,0,0,1,SEMSP,Seine ID formerly DN21,2017-06-28,D10,DI,E,Hall Point,"Carly Janusson, Julian Gan Brett Johnson, Luke Rogers",none,100,0,0.1-5,NW,flood,06:59:00,07:12:00,NA,D10_2017-06-28_2,QPK1087,12,1,standard,NA,June 30,2017,179
DE375N1,DE375,1,targeted,NA,11:15:00,50.27485,-125.377707,1,0,0,Yes,3,4,8,8,10,1962,0,0,2,2,1,2,1,SEMSP,Seine ID formerly DN23,2017-07-04,D27,DI,W,Granite Point,"Brett Johnson, Sam James, Carly Janusson, Julian Gan",none,25,1,0.1-5,NW,high slack,09:02:00,09:16:00,NA,D27_2017-07-04_2,QPK1090,12,1,standard,NA,July 6,2017,185
DE376N1,DE376,1,targeted,NA,09:10:00,50.274596,-125.377527,1,0,1,Yes,30,130,0,0,10,505,0,0,3,3,2,2,1,SEMSP,U14004 adipose. Seine ID formerly DN25,2017-06-13,D27,DI,W,Granite Point,"Luke Rogers, Julian Gan, Brenna Collicutt, Sam James",none,75,2,5-10,NW,ebb,08:32:00,08:47:00,NA,D27_2017-06-13_2,QPK1080,13,2,standard,NA,June 16,2017,164
DE376N2,DE376,2,targeted,NA,12:25:00,50.274783,-125.377569,1,0,0,No,0,21,0,0,0,384,0,0,0,0,0,0,NA,SEMSP,U14004 adipose. Seine ID formerly DN26,2017-06-13,D27,DI,W,Granite Point,"Luke Rogers, Julian Gan, Brenna Collicutt, Sam James",none,75,2,5-10,NW,ebb,08:32:00,08:47:00,NA,D27_2017-06-13_2,QPK1080,13,2,standard,NA,June 16,2017,164
DE377N1,DE377,1,targeted,NA,08:20:00,50.236254,-125.398402,1,0,0,Yes,30,40,0,0,12,320,0,0,0,0,0,0,1,SEMSP,"U11070 touched deck. 2 CU from DN27 retained for Gideon Mordecai (Freezer 3, Shelf 2). Set twice at D09 to collect fish for Tianyi Chen, Sam James, & Hinch lab. First set at 11:15, retained 1 CU for TC (released 100 CU, 1 unhealthy SO). Second set at 12:15, retained 1 CU for GM & 18 CU for TC (released 150 CU). . Seine ID formerly DN27",2017-06-19,D22,DI,W,McMullen Point,"Luke Rogers, Carly Janusson, Julian Gan, Tianyi Chang",moderate,100,1,0.1-5,N,ebb,07:02:00,07:17:00,NA,D22_2017-06-19_2,QPK1085,12,1,standard,"Set twice at D09 to collect fish for Tianyi Chen, Sam James, & Hinch lab. First set at 11:15, retained 1 CU for TC (released 100 CU, 1 unhealthy SO). Second set at 12:15, retained 1 CU for GM & 18 CU for TC (released 150 CU).",June 16,2017,170
DE378N1,DE378,1,targeted,NA,07:20:00,50.304561,-125.337253,1,1,0,Yes,10,10,0,0,10,240,0,0,0,0,0,0,1,SEMSP,Seine ID formerly DN29,2017-06-20,D09,DI,C,Okisollo Channel,"Brett Johnson, Luke Rogers, Carly Janusson, Brenna Collicutt",none,100,1,0.1-5,NW,ebb,06:28:00,06:43:00,NA,D09_2017-06-20_2,QPK1082,12,1,standard,NA,June 23,2017,171
DE379N1,DE379,1,targeted,NA,07:45:00,50.237837,-125.396111,1,0,0,Yes,0,0,0,0,10,145,0,0,0,0,0,0,1,SEMSP,Field liced chum in seine. Seine ID formerly DN31,2017-07-04,D22,DI,W,McMullen Point,"Brett Johnson, Sam James, Carly Janusson, Julian Gan",none,50,2,5-10,NW,ebb,06:21:00,06:35:00,NA,D22_2017-07-04_2,QPK1088,10,1,standard,NA,July 6,2017,185
DE380N1,DE380,1,targeted,NA,07:40:00,50.307981,-125.320206,1,0,0,Yes,2,2,1,1,10,126,0,0,0,0,0,0,1,SEMSP,Seine ID formerly DN33,2017-07-05,D09,DI,C,Okisollo Channel,"Luke Rogers, Carly Janusson, Melissa Orobko",none,75,0,0.1-5,NW,ebb,07:01:00,07:15:00,NA,D09_2017-07-05_2,QPK1089,9,1,standard,NA,July 6,2017,186
JE100N1,JE100,1,targeted,30,07:10:00,NA,NA,NA,NA,NA,No,0,0,NA,NA,NA,NA,NA,NA,NA,NA,NA,NA,NA,SEMSP,No sockeye in set; did not enumerate,2015-05-20,J03,JS,N,Cracroft Point,"Sean Godwin, Donnah MacKinnon, Dylan Smyth",light,100,0,0.1-5,NW,NA,NA,NA,NA,NA,NA,NA,1,standard,NA,May 19,2015,140
JE107N2,JE107,2,targeted,0,06:00:00,50.54648,-126.67096,NA,NA,NA,Yes,30,300,0,0,0,0,0,0,0,0,NA,NA,0,SEMSP,"all fish samples labelled ""J0CP"" for now, will need to be hanged once site name confirmed J03",2015-05-23,J03,JS,N,Cracroft Point,"Sean Godwin, Mack Bartlett, Chris Guinchard",none,100,0,0,NW,NA,NA,NA,NA,NA,JSPK1006,13.5,2,standard,NA,May 26,2015,143
JE107N1,JE107,1,targeted,NA,NA,NA,NA,NA,NA,NA,No,0,0,NA,NA,NA,NA,NA,NA,NA,NA,NA,NA,NA,SEMSP,No sockeye in set; did not enumerate,2015-05-23,J03,JS,N,Cracroft Point,"Sean Godwin, Mack Bartlett, Chris Guinchard",none,100,0,0,NW,NA,NA,NA,NA,NA,JSPK1006,13.5,2,standard,NA,May 26,2015,143
JE108N2,JE108,2,targeted,0,09:00:00,50.54039,-126.78096,NA,NA,NA,Yes,30,200,0,0,10,25,8,8,5,5,NA,NA,0,SEMSP,NA,2015-05-23,J09,JS,S,Blinkhorn Peninsula,"Sean Godwin, Mack Bartlett, Chris Guinchard",none,100,0,0.1-5,NW,NA,NA,NA,NA,NA,JSPK1007,15.1,2,standard,NA,May 26,2015,143
JE108N1,JE108,1,targeted,NA,NA,NA,NA,NA,NA,NA,No,0,0,NA,NA,NA,NA,NA,NA,NA,NA,NA,NA,NA,SEMSP,No sockeye in set; did not enumerate,2015-05-23,J09,JS,S,Blinkhorn Peninsula,"Sean Godwin, Mack Bartlett, Chris Guinchard",none,100,0,0.1-5,NW,NA,NA,NA,NA,NA,JSPK1007,15.1,2,standard,NA,May 26,2015,143
JE110N2,JE110,2,targeted,1,06:25:00,50.60101,-126.70394,NA,NA,NA,Yes,30,400,0,0,7,7,1,1,0,0,NA,NA,1,SEMSP,NA,2015-05-24,J02,JS,N,Swanson Island,"Sean Godwin, Mack Bartlett, Samantha Crowley",none,100,1,0.1-5,W,NA,NA,NA,NA,NA,JSPK1009,11,2,standard,NA,May 26,2015,144
JE110N1,JE110,1,targeted,NA,NA,NA,NA,NA,NA,NA,No,0,0,NA,NA,NA,NA,NA,NA,NA,NA,NA,NA,NA,SEMSP,No sockeye in set; did not enumerate,2015-05-24,J02,JS,N,Swanson Island,"Sean Godwin, Mack Bartlett, Samantha Crowley",none,100,1,0.1-5,W,NA,NA,NA,NA,NA,JSPK1009,11,2,standard,NA,May 26,2015,144
JE117N2,JE117,2,targeted,1,09:35:00,50.54672,-126.67256,NA,NA,NA,Yes,30,1000,0,0,10,30,1,1,0,0,NA,NA,1,SEMSP,NA,2015-05-26,J03,JS,N,Cracroft Point,"Sean Godwin, Mack Bartlett, Chris Guinchard",none,75,1,0.1-5,NW,NA,NA,NA,NA,NA,JSPK1015,13,2,standard,NA,May 26,2015,146
JE117N1,JE117,1,targeted,NA,NA,NA,NA,NA,NA,NA,No,0,0,NA,NA,NA,NA,NA,NA,NA,NA,NA,NA,NA,SEMSP,No sockeye in set; did not enumerate,2015-05-26,J03,JS,N,Cracroft Point,"Sean Godwin, Mack Bartlett, Chris Guinchard",none,75,1,0.1-5,NW,NA,NA,NA,NA,NA,JSPK1015,13,2,standard,NA,May 26,2015,146
JE118N1,JE118,1,targeted,2,12:55:00,50.53989,-126.78256,NA,NA,NA,Yes,30,1500,1,1,10,100,0,0,1,1,NA,NA,1,SEMSP,NA,2015-05-26,J09,JS,S,Blinkhorn Peninsula,"Sean Godwin, Mack Bartlett, Chris Guinchard",none,75,1,5-10,W,NA,NA,NA,NA,NA,JSPK1016,16.9,1,standard,NA,May 26,2015,146
JE122N2,JE122,2,targeted,10,13:15:00,50.53957,-126.7781,NA,NA,NA,Yes,30,2000,0,0,10,200,6,10,2,3,NA,NA,1,SEMSP,small hole in the bunt. Lots of fish escaped. May have been more herring and coho originally. School > 2000,2015-05-27,J09,JS,S,Blinkhorn Peninsula,"Lauren Portner, Carson White, Dylan Smyth",none,100,1,5-10,NW,NA,NA,NA,NA,NA,JSPK1018,12.2,2,standard,NA,May 26,2015,147
JE122N1,JE122,1,targeted,NA,NA,NA,NA,NA,NA,NA,No,0,0,NA,NA,NA,NA,NA,NA,NA,NA,NA,NA,NA,SEMSP,No sockeye in set; did not enumerate,2015-05-27,J09,JS,S,Blinkhorn Peninsula,"Lauren Portner, Carson White, Dylan Smyth",none,100,1,5-10,NW,NA,NA,NA,NA,NA,JSPK1018,12.2,2,standard,NA,May 26,2015,147
JE133N1,JE133,1,targeted,30,09:45:00,50.54605,-126.66218,NA,NA,NA,Yes,30,400,0,0,10,200,0,0,10,20,NA,NA,1,SEMSP,NA,2015-05-31,J03,JS,N,Cracroft Point,"Lauren Portner, Katie Chan, Carson White",none,100,0,0.1-5,NW,NA,NA,NA,NA,NA,JSPK1025,5.5,1,standard,NA,June 2,2015,151
JE134N1,JE134,1,targeted,15,12:30:00,50.53808,-126.77494,NA,NA,NA,Yes,30,400,0,0,10,100,1,1,0,0,NA,NA,1,SEMSP,NA,2015-05-31,J09,JS,S,Blinkhorn Peninsula,"Lauren Portner, Katie Chan, Carson White",none,50,0,0.1-5,NW,NA,NA,NA,NA,NA,JSPK1026,7.6,1,standard,NA,June 2,2015,151
JE136N1,JE136,1,targeted,10,05:30:00,50.60051,-126.70319,NA,NA,NA,Yes,30,400,0,0,5,10,0,0,0,0,NA,NA,1,SEMSP,NA,2015-06-01,J02,JS,N,Swanson Island,"Lauren Portner, Katie Chan, Dylan Smyth",none,100,1,0,NA,NA,NA,NA,NA,NA,JSPK1027,6.1,1,standard,NA,June 2,2015,152
JE145N1,JE145,1,targeted,1,14:55:00,50.53944,-126.78254,NA,NA,NA,Yes,30,100,0,0,10,200,0,0,5,5,NA,NA,1,SEMSP,NA,2015-06-03,J09,JS,S,Blinkhorn Peninsula,"Sean Godwin, Mack Bartlett, Samantha Crowley",none,75,1,0.1-5,W,NA,NA,NA,NA,NA,JSPK1034,9.6,1,standard,NA,June 2,2015,154
JE147N1,JE147,1,targeted,50,10:00:00,50.54216,-126.63511,NA,NA,NA,Yes,30,200,7,7,10,300,0,0,10,15,NA,NA,1,SEMSP,31 Sockeye taken by accident. One possibly without label,2015-06-04,J03,JS,N,Cracroft Point,"Sean Godwin, Mack Bartlett, Donnah MacKinnon",none,25,1,0.1-5,SW,NA,NA,NA,NA,NA,JSPK1036,10.8,1,standard,NA,June 2,2015,155
JE148N3,JE148,3,targeted,50,13:40:00,50.5956,-126.69022,NA,NA,NA,Yes,30,300,1,1,10,300,6,6,0,0,NA,NA,1,SEMSP,"CO-03, CO-05, CO-06 did not have white-tipped anal fin. Probably a chinook, but no black gums. Not chum, pink or sockeye. Check species ID in lab.",2015-06-04,J02,JS,N,Swanson Island,"Sean Godwin, Mack Bartlett, Donnah MacKinnon",none,0,1,0.1-5,NW,NA,NA,NA,NA,NA,JSPK1037,16.2,3,standard,NA,June 2,2015,155
JE148N1,JE148,1,targeted,NA,NA,NA,NA,NA,NA,NA,No,0,0,NA,NA,NA,NA,NA,NA,NA,NA,NA,NA,NA,SEMSP,No sockeye in set; did not enumerate,2015-06-04,J02,JS,N,Swanson Island,"Sean Godwin, Mack Bartlett, Donnah MacKinnon",none,0,1,0.1-5,NW,NA,NA,NA,NA,NA,JSPK1037,16.2,3,standard,NA,June 2,2015,155
JE148N2,JE148,2,targeted,NA,NA,NA,NA,NA,NA,NA,No,0,0,NA,NA,NA,NA,NA,NA,NA,NA,NA,NA,NA,SEMSP,No sockeye in set; did not enumerate,2015-06-04,J02,JS,N,Swanson Island,"Sean Godwin, Mack Bartlett, Donnah MacKinnon",none,0,1,0.1-5,NW,NA,NA,NA,NA,NA,JSPK1037,16.2,3,standard,NA,June 2,2015,155
JE159N1,JE159,1,targeted,1,14:35:00,50.539,-126.7781,NA,NA,NA,Yes,29,400,10,30,10,600,1,1,0,0,NA,NA,1,SEMSP,NA,2015-06-07,J09,JS,S,Blinkhorn Peninsula,"Sean Godwin, Mack Bartlett, Donnah MacKinnon",none,0,1,0.1-5,SW,NA,NA,NA,NA,NA,JSPK1044,13.9,1,standard,NA,June 9,2015,158
JE161N1,JE161,1,targeted,45,10:20:00,50.54418,-126.63202,NA,NA,NA,Yes,30,200,1,1,10,200,0,0,2,3,NA,NA,1,SEMSP,"3 herring in net, only took 2, one jumped out of net; all sockeye from this site were labeled 20150508 instead of 20150608, mistake caught after fish dewar- made note on group labels about this for both bundles of 15 sockeye for this site",2015-06-08,J03,JS,N,Cracroft Point,"Lauren Portner, Chris Guinchard, Stephanie Peacock",none,100,1,0.1-5,NW,NA,NA,NA,NA,NA,JSPK1046,8,1,standard,NA,June 9,2015,159
JE163N1,JE163,1,targeted,45,07:00:00,50.59537,-126.69062,NA,NA,NA,Yes,30,200,0,0,10,200,7,7,2,2,NA,NA,1,SEMSP,NA,2015-06-09,J02,JS,N,Swanson Island,"Mack Bartlett, Chris Guinchard, Katie Chan",none,100,1,0.1-5,NW,NA,NA,NA,NA,NA,JSPK1048,9.1,1,standard,NA,June 9,2015,160
JE171N2,JE171,2,targeted,0,11:50:00,50.53988,-126.78291,NA,NA,NA,Yes,30,1000,0,0,10,900,6,6,0,0,NA,NA,1,SEMSP,approx 50/1000 sockeye had lesions ; total aprox 2000; saw 3 or 4 lesioned chum (photos on marks phone - no yellow around mouth),2015-06-13,J09,JS,S,Blinkhorn Peninsula,"Lauren Portner, Mack Bartlett, Chris Guinchard",none,25,1,5-10,SW,NA,NA,NA,NA,NA,JSPK1052,11.3,2,standard,NA,June 16,2015,164
JE171N1,JE171,1,targeted,NA,NA,NA,NA,NA,NA,NA,No,0,0,NA,NA,NA,NA,NA,NA,NA,NA,NA,NA,NA,SEMSP,No sockeye in set; did not enumerate,2015-06-13,J09,JS,S,Blinkhorn Peninsula,"Lauren Portner, Mack Bartlett, Chris Guinchard",none,25,1,5-10,SW,NA,NA,NA,NA,NA,JSPK1052,11.3,2,standard,NA,June 16,2015,164
JE177N2,JE177,2,targeted,4,11:30:00,50.54719,-126.67487,NA,NA,NA,Yes,30,100,0,0,10,500,0,0,0,0,NA,NA,1,SEMSP,"Number taken and total in set not recorded for herring, coho, and pink. Sean's fault for not checking. Make sure to record in lab later (or from group labels in -80",2015-06-15,J03,JS,N,Cracroft Point,"Sean Godwin, Carson White, Donnah MacKinnon",none,100,1,5-10,W,NA,NA,NA,NA,NA,JSPK1058,11.9,2,standard,NA,June 16,2015,166
JE177N1,JE177,1,targeted,NA,NA,NA,NA,NA,NA,NA,No,0,0,NA,NA,NA,NA,NA,NA,NA,NA,NA,NA,NA,SEMSP,No sockeye in set; did not enumerate,2015-06-15,J03,JS,N,Cracroft Point,"Sean Godwin, Carson White, Donnah MacKinnon",none,100,1,5-10,W,NA,NA,NA,NA,NA,JSPK1058,11.9,2,standard,NA,June 16,2015,166
JE180N2,JE180,2,targeted,30,08:30:00,50.59549,-126.69036,NA,NA,NA,Yes,6,6,10,200,10,400,2,3,1,1,NA,NA,1,SEMSP,NA,2015-06-16,J02,JS,N,Swanson Island,"Samantha Crowley, Carson White, Donnah MacKinnon",none,100,1,0.1-5,NW,NA,NA,NA,NA,NA,JSPK1061,13.3,2,standard,NA,June 16,2015,167
JE180N1,JE180,1,targeted,NA,NA,NA,NA,NA,NA,NA,No,0,0,NA,NA,NA,NA,NA,NA,NA,NA,NA,NA,NA,SEMSP,No sockeye in set; did not enumerate,2015-06-16,J02,JS,N,Swanson Island,"Samantha Crowley, Carson White, Donnah MacKinnon",none,100,1,0.1-5,NW,NA,NA,NA,NA,NA,JSPK1061,13.3,2,standard,NA,June 16,2015,167
JE181N2,JE181,2,targeted,60,15:30:00,50.54327,-126.81252,NA,NA,NA,Yes,30,700,9,200,10,1500,8,8,10,20,NA,NA,1,SEMSP,NA,2015-06-16,J09,JS,S,Blinkhorn Peninsula,"Samantha Crowley, Carson White, Donnah MacKinnon",none,75,1,5-10,NW,NA,NA,NA,NA,NA,JSPK1062,10.8,2,standard,NA,June 16,2015,167
JE181N1,JE181,1,targeted,NA,NA,NA,NA,NA,NA,NA,No,0,0,NA,NA,NA,NA,NA,NA,NA,NA,NA,NA,NA,SEMSP,No sockeye in set; did not enumerate,2015-06-16,J09,JS,S,Blinkhorn Peninsula,"Samantha Crowley, Carson White, Donnah MacKinnon",none,75,1,5-10,NW,NA,NA,NA,NA,NA,JSPK1062,10.8,2,standard,NA,June 16,2015,167
JE184N1,JE184,1,targeted,2,11:50:00,50.5463,-126.66727,NA,NA,NA,Yes,3,3,10,80,10,500,0,0,10,20,NA,NA,1,SEMSP,NA,2015-06-17,J03,JS,N,Cracroft Point,"Sean Godwin, Carson White, Samantha Crowley",none,25,1,0,NA,NA,NA,NA,NA,NA,JSPK1065,11.1,1,standard,NA,June 16,2015,168
JE189N2,JE189,2,targeted,1,06:35:00,50.54362,-126.81951,NA,NA,NA,Yes,30,200,10,50,10,1000,0,0,1,1,NA,NA,1,SEMSP,NA,2015-06-19,J09,JS,S,Blinkhorn Peninsula,"Sean Godwin, Lauren Portner, Dylan Smyth",none,75,0,0.1-5,E,NA,NA,NA,NA,NA,JSPK1070,13.7,2,standard,NA,June 16,2015,170
JE189N1,JE189,1,targeted,NA,NA,NA,NA,NA,NA,NA,No,0,0,NA,NA,NA,NA,NA,NA,NA,NA,NA,NA,NA,SEMSP,No sockeye in set; did not enumerate,2015-06-19,J09,JS,S,Blinkhorn Peninsula,"Sean Godwin, Lauren Portner, Dylan Smyth",none,75,0,0.1-5,E,NA,NA,NA,NA,NA,JSPK1070,13.7,2,standard,NA,June 16,2015,170
JE191N1,JE191,1,targeted,1,14:19:00,50.60263,-126.70188,NA,NA,NA,Yes,30,50,10,100,10,200,1,1,6,6,NA,NA,1,SEMSP,NA,2015-06-19,J02,JS,N,Swanson Island,"Sean Godwin, Lauren Portner, Dylan Smyth",light,100,1,0.1-5,SE,NA,NA,NA,NA,NA,JSPK1072,NA,1,standard,"Secchi depth not possible. Tape broke, lost disc and cannon ball.",June 16,2015,170
JE199N2,JE199,2,targeted,0,06:20:00,50.54774,-126.67774,NA,NA,NA,Yes,30,50,10,20,10,300,1,1,5,5,NA,NA,1,SEMSP,NA,2015-06-23,J03,JS,N,Cracroft Point,"Lauren Portner, Carson White, Dylan Smyth",none,0,0,0.1-5,NW,NA,NA,NA,NA,NA,JSPK1079,NA,2,standard,"Secchi depth not possible. Tape broke, lost disc and cannon ball.",June 23,2015,174
JE199N1,JE199,1,targeted,NA,NA,NA,NA,NA,NA,NA,No,0,0,NA,NA,NA,NA,NA,NA,NA,NA,NA,NA,NA,SEMSP,No sockeye in set; did not enumerate,2015-06-23,J03,JS,N,Cracroft Point,"Lauren Portner, Carson White, Dylan Smyth",none,0,0,0.1-5,NW,NA,NA,NA,NA,NA,JSPK1079,NA,2,standard,"Secchi depth not possible. Tape broke, lost disc and cannon ball.",June 23,2015,174
JE201N3,JE201,3,targeted,10,12:30:00,50.60237,-126.70219,NA,NA,NA,Yes,18,18,10,10,10,70,0,0,0,0,NA,NA,1,SEMSP,NA,2015-06-23,J02,JS,N,Swanson Island,"Sean Godwin, Chris Guinchard, Andrew Bateman",none,25,1,0.1-5,NW,NA,NA,NA,NA,NA,JSPK1081,NA,3,standard,"Secchi depth not possible. Tape broke, lost disc and cannon ball.",June 23,2015,174
JE201N1,JE201,1,targeted,NA,NA,NA,NA,NA,NA,NA,No,0,0,NA,NA,NA,NA,NA,NA,NA,NA,NA,NA,NA,SEMSP,No sockeye in set; did not enumerate,2015-06-23,J02,JS,N,Swanson Island,"Sean Godwin, Chris Guinchard, Andrew Bateman",none,25,1,0.1-5,NW,NA,NA,NA,NA,NA,JSPK1081,NA,3,standard,"Secchi depth not possible. Tape broke, lost disc and cannon ball.",June 23,2015,174
JE201N2,JE201,2,targeted,NA,NA,NA,NA,NA,NA,NA,No,0,0,NA,NA,NA,NA,NA,NA,NA,NA,NA,NA,NA,SEMSP,No sockeye in set; did not enumerate,2015-06-23,J02,JS,N,Swanson Island,"Sean Godwin, Chris Guinchard, Andrew Bateman",none,25,1,0.1-5,NW,NA,NA,NA,NA,NA,JSPK1081,NA,3,standard,"Secchi depth not possible. Tape broke, lost disc and cannon ball.",June 23,2015,174
JE202N1,JE202,1,targeted,0,15:45:00,50.54414,-126.81843,NA,NA,NA,Yes,30,500,10,300,10,300,2,2,10,30,NA,NA,1,SEMSP,NA,2015-06-23,J09,JS,S,Blinkhorn Peninsula,"Sean Godwin, Chris Guinchard, Andrew Bateman",none,50,0,0.1-5,N,NA,NA,NA,NA,NA,JSPK1082,NA,1,standard,"Secchi depth not possible. Tape broke, lost disc and cannon ball.",June 23,2015,174
JE209N1,JE209,1,targeted,0,15:00:00,50.5438,-126.81988,NA,NA,NA,Yes,30,100,10,800,10,1200,0,0,10,10,NA,NA,1,SEMSP,NA,2015-06-27,J09,JS,S,Blinkhorn Peninsula,"Carson White, Dylan Smyth, Peter Harrington",none,0,0,0,NA,NA,NA,NA,NA,NA,JSPK1089,NA,1,standard,"Secchi depth not possible. Tape broke, lost disc and cannon ball.",June 30,2015,178
JE210N2,JE210,2,targeted,0,06:05:00,50.60255,-126.70201,NA,NA,NA,Yes,0,0,10,300,10,200,10,20,5,5,NA,NA,1,SEMSP,NA,2015-06-28,J02,JS,N,Swanson Island,"Carson White, Dylan Smyth, Peter Harrington",none,0,0,0,NA,NA,NA,NA,NA,NA,JSPK1090,NA,2,standard,"Secchi depth not possible. Tape broke, lost disc and cannon ball.",June 30,2015,179
JE210N1,JE210,1,targeted,NA,NA,NA,NA,NA,NA,NA,No,0,0,NA,NA,NA,NA,NA,NA,NA,NA,NA,NA,NA,SEMSP,No sockeye in set; did not enumerate,2015-06-28,J02,JS,N,Swanson Island,"Carson White, Dylan Smyth, Peter Harrington",none,0,0,0,NA,NA,NA,NA,NA,NA,JSPK1090,NA,2,standard,"Secchi depth not possible. Tape broke, lost disc and cannon ball.",June 30,2015,179
JE211N1,JE211,1,targeted,5,10:50:00,50.54277,-126.64149,NA,NA,NA,Yes,0,0,10,100,10,100,1,1,10,15,NA,NA,1,SEMSP,NA,2015-06-28,J03,JS,N,Cracroft Point,"Carson White, Dylan Smyth, Peter Harrington",none,0,1,5-10,NW,NA,NA,NA,NA,NA,JSPK1091,NA,1,standard,"Secchi depth not possible. Tape broke, lost disc and cannon ball.",June 30,2015,179
JE217N1,JE217,1,targeted,1,08:40:00,50.54703,-126.67197,NA,NA,NA,Yes,3,3,10,60,8,8,0,0,5,5,NA,NA,1,SEMSP,NA,2015-07-01,J03,JS,N,Cracroft Point,"Sean Godwin, Mack Bartlett, Dylan Smyth",none,50,0,0,NA,NA,NA,NA,NA,NA,JSPK1095,NA,1,standard,"Secchi depth not possible. Tape broke, lost disc and cannon ball. Whale activity",June 30,2015,182
JE218N1,JE218,1,targeted,1,13:00:00,50.54329,-126.8169,NA,NA,NA,Yes,30,40,10,200,10,100,3,10,10,20,NA,NA,1,SEMSP,"Most sockeye in set small, likely Nimpkish or other local stock.",2015-07-01,J09,JS,S,Blinkhorn Peninsula,"Sean Godwin, Mack Bartlett, Dylan Smyth",none,0,0,0,NA,NA,NA,NA,NA,NA,JSPK1096,NA,1,standard,"Secchi depth not possible. Tape broke, lost disc and cannon ball.",June 30,2015,182
JE220N1,JE220,1,targeted,20,09:18:00,NA,NA,NA,NA,NA,No,0,0,0,100,0,100,0,5,0,20,0,10,NA,SEMSP,"SO = 0, CU = 100, HE = 20, CO = 5, PI = 100, chinook = 10",2015-07-02,J02,JS,N,Swanson Island,"Sean Godwin, Mack Bartlett, Dylan Smyth",none,0,1,10-15,NW,NA,NA,NA,NA,NA,NA,NA,1,standard,NA,June 30,2015,183
JE221N1,JE221,1,targeted,4,05:54:00,NA,NA,NA,NA,NA,No,0,0,0,0,0,40,0,10,0,0,0,2,NA,SEMSP,"SO = 0, CU = 40, HE = 0, CO = 10, PI = 0, chinook = 2",2015-07-07,J02,JS,N,Swanson Island,"Sean Godwin, Lauren Portner, Carson White",none,100,0,0,NA,NA,NA,NA,NA,NA,NA,NA,1,standard,NA,July 6,2015,188
JE225N1,JE225,1,targeted,30,10:30:00,NA,NA,NA,NA,NA,Yes,30,30,10,300,NA,10,1,1,0,0,NA,NA,1,SEMSP,"28 or 29 of sockeye were very small, likely from Nimpkish or other local watershed",2015-07-07,J09,JS,S,Blinkhorn Peninsula,"Sean Godwin, Lauren Portner, Carson White",none,100,0,0,NA,NA,NA,NA,NA,NA,JSPK1097,9.5,1,standard,NA,July 6,2015,188
JE237N1,JE237,1,targeted,0,05:06:00,50.543296,-126.816816,NA,NA,NA,Yes,30,40,10,20,9,9,5,5,1,1,NA,NA,1,SEMSP,NA,2016-05-22,J09,JS,S,Blinkhorn Peninsula,"Sean Godwin, Mirko Diaz, Clare Atkinson",none,25,0,0,NA,NA,NA,NA,NA,NA,NA,NA,1,standard,forgot Secchi,May 26,2016,143
JE239N2,JE239,2,targeted,5,10:55:00,50.54692,-126.67193,NA,NA,NA,No,0,0,0,0,0,0,0,0,0,0,NA,NA,NA,SEMSP,NA,2016-05-22,J03,JS,N,Cracroft Point,"Sean Godwin, Mirko Diaz, Clare Atkinson",none,25,3,10-15,NW,NA,NA,NA,NA,NA,NA,NA,2,standard,"Few good schools, bad current and wind. Set twice, difficult condition, no fish, forgot YSI and secchi",May 26,2016,143
JE239N1,JE239,1,targeted,NA,NA,NA,NA,NA,NA,NA,No,0,0,NA,NA,NA,NA,NA,NA,NA,NA,NA,NA,NA,SEMSP,No sockeye in set; did not enumerate,2016-05-22,J03,JS,N,Cracroft Point,"Sean Godwin, Mirko Diaz, Clare Atkinson",none,25,3,10-15,NW,NA,NA,NA,NA,NA,NA,NA,2,standard,"Few good schools, bad current and wind. Set twice, difficult condition, no fish, forgot YSI and secchi",May 26,2016,143
JE240N1,JE240,1,targeted,2,12:45:00,50.601718,-126.701857,NA,NA,NA,Yes,30,500,10,15,8,8,1,1,0,0,NA,NA,1,SEMSP,NA,2016-05-22,J02,JS,N,Swanson Island,"Sean Godwin, Mirko Diaz, Clare Atkinson",none,25,2,10-15,NW,NA,NA,NA,NA,NA,NA,12,1,standard,NA,May 26,2016,143
JE248N1,JE248,1,targeted,0,14:20:00,50.543432,-126.8134,NA,NA,NA,Yes,30,400,2,2,1,1,1,1,0,0,NA,NA,1,SEMSP,NA,2016-05-27,J09,JS,S,Blinkhorn Peninsula,"Sean Godwin, Brianna Knowles, Brett Johnson, Jack Goldman",light,100,0,0,NA,NA,NA,NA,NA,NA,JSPK1102,7.5,1,standard,NA,May 26,2016,148
JE250N2,JE250,2,targeted,0,05:15:00,50.60125,-126.704457,NA,NA,NA,Yes,30,750,6,6,10,15,0,0,0,0,NA,NA,1,SEMSP,No fish on first set,2016-05-28,J02,JS,N,Swanson Island,"Brett Johnson, Shannon Mendt, Brianna Knowles",light,100,0,0,NA,NA,NA,NA,NA,NA,JSPK1104,10,2,standard,No fish on first set,May 26,2016,149
JE250N1,JE250,1,targeted,NA,NA,NA,NA,NA,NA,NA,No,0,0,NA,NA,NA,NA,NA,NA,NA,NA,NA,NA,NA,SEMSP,No sockeye in set; did not enumerate,2016-05-28,J02,JS,N,Swanson Island,"Brett Johnson, Shannon Mendt, Brianna Knowles",light,100,0,0,NA,NA,NA,NA,NA,NA,JSPK1104,10,2,standard,No fish on first set,May 26,2016,149
JE251N1,JE251,1,targeted,0,09:10:00,50.545897,-126.668909,NA,NA,NA,Yes,30,100,0,0,1,1,10,85,0,0,NA,NA,1,SEMSP,NA,2016-05-28,J03,JS,N,Cracroft Point,"Brett Johnson, Shannon Mendt, Brianna Knowles, Jack Goldman",none,25,1,0.1-5,SE,NA,NA,NA,NA,NA,JSPK1105,8.5,1,standard,NA,May 26,2016,149
JE252N1,JE252,1,targeted,0,10:22:00,50.60125,-126.704457,NA,NA,NA,Yes,30,2000,10,100,10,900,4,4,7,7,NA,NA,1,SEMSP,NA,2016-06-01,J02,JS,N,Swanson Island,"Chris Guinchard, Lauren Portner, Dylan Smyth.",none,75,0,0,NA,NA,NA,NA,NA,NA,JSPK1106,NA,1,standard,Secchi left onboard Madrona,June 2,2016,153
JE255N2,JE255,2,targeted,18,09:49:00,50.543432,-126.8134,NA,NA,NA,Yes,30,600,5,6,10,400,6,6,1,1,NA,NA,1,SEMSP,Couldn't locate whatman paper for JS00541-JS00660,2016-06-02,J09,JS,S,Blinkhorn Peninsula,"Lauren Portner, Dylan Smyth, Olivia Gutjahr",none,50,1,5-10,S,NA,NA,NA,NA,NA,JSPK1109,6,2,standard,Couldn't locate whatman paper for JS00541-JS00660,June 2,2016,154
JE255N1,JE255,1,targeted,NA,NA,NA,NA,NA,NA,NA,No,0,0,NA,NA,NA,NA,NA,NA,NA,NA,NA,NA,NA,SEMSP,No sockeye in set; did not enumerate,2016-06-02,J09,JS,S,Blinkhorn Peninsula,"Lauren Portner, Dylan Smyth, Olivia Gutjahr",none,50,1,5-10,S,NA,NA,NA,NA,NA,JSPK1109,6,2,standard,Couldn't locate whatman paper for JS00541-JS00660,June 2,2016,154
JE261N1,JE261,1,targeted,7,13:44:00,50.543029,-126.632233,NA,NA,NA,Yes,30,700,10,100,6,100,2,2,0,0,NA,NA,1,SEMSP,there were extra chum that escaped through a hole in the net,2016-06-04,J03,JS,N,Cracroft Point,"Dylan Smyth, Chris Guinchard, Olivia Gutjahr",none,0,1,5-10,NW,NA,NA,NA,NA,NA,JSPK1115,12,1,standard,NA,June 2,2016,156
JE262N1,JE262,1,targeted,1,07:22:00,50.544941,-126.816489,NA,NA,NA,Yes,29,600,10,300,10,300,1,1,1,1,NA,NA,1,SEMSP,NA,2016-06-09,J09,JS,S,Blinkhorn Peninsula,"Lauren Portner, Brianna Knowles, Sam James",none,0,0,0.1-5,NW,NA,NA,NA,NA,NA,JSPK1116,11.5,1,standard,NA,June 9,2016,161
JE264N1,JE264,1,targeted,9,13:19:00,50.602327,-126.701507,NA,NA,NA,Yes,30,200,10,80,10,100,2,2,2,2,NA,NA,1,SEMSP,NA,2016-06-09,J02,JS,N,Swanson Island,"Lauren Portner, Brianna Knowles, Sam James, Melissa Orobko",none,25,1,0.1-5,NW,NA,NA,NA,NA,NA,JSPK1118,11,1,standard,NA,June 9,2016,161
JE266N1,JE266,1,targeted,14,08:07:00,50.547475,-126.676942,NA,NA,NA,Yes,30,100,10,50,2,50,1,1,0,0,NA,NA,1,SEMSP,"Cruise ship wake: Sockeye #1-11 OK (before wake), Pink # 1-6 OK (before wake), Coho # 1 OK (before wake), Chum # 1-2 OK (before wake), remainder were heavily de-scaled",2016-06-10,J03,JS,N,Cracroft Point,"Lauren Portner, Sam James, Claire Atkinson",none,100,3,5-10,NW,NA,NA,NA,NA,NA,JSPK1120,10.5,1,standard,NA,June 9,2016,162
JE272N2,JE272,2,targeted,1,07:35:00,50.602051,-126.704553,NA,NA,NA,Yes,30,2000,10,100,7,100,3,3,1,3,NA,NA,1,SEMSP,~10% of fish suffered scaling due to repositioning of boat in high current conditions,2016-06-17,J02,JS,N,Swanson Island,"Mirko Diaz, Chris Guinchard, Olivia Gutjahr",none,75,0,0.1-5,NW,NA,NA,NA,NA,NA,JSPK1126,12,2,standard,NA,June 16,2016,169
JE272N1,JE272,1,targeted,NA,NA,NA,NA,NA,NA,NA,No,0,0,NA,NA,NA,NA,NA,NA,NA,NA,NA,NA,NA,SEMSP,No sockeye in set; did not enumerate,2016-06-17,J02,JS,N,Swanson Island,"Mirko Diaz, Chris Guinchard, Olivia Gutjahr",none,75,0,0.1-5,NW,NA,NA,NA,NA,NA,JSPK1126,12,2,standard,NA,June 16,2016,169
JE274N2,JE274,2,targeted,1,06:37:00,50.579393,-126.714162,NA,NA,NA,Yes,30,100,10,400,10,400,7,7,0,0,NA,NA,1,SEMSP,NA,2016-06-18,J09,JS,S,Blinkhorn Peninsula,"Stephanie Peacock, Chris Guinchard, Dylan Smyth, Mirko Diaz",none,50,0,0.1-5,NW,NA,NA,NA,NA,NA,JSPK1128,8.5,2,standard,NA,June 16,2016,170
JE274N1,JE274,1,targeted,NA,NA,NA,NA,NA,NA,NA,No,0,0,NA,NA,NA,NA,NA,NA,NA,NA,NA,NA,NA,SEMSP,No sockeye in set; did not enumerate,2016-06-18,J09,JS,S,Blinkhorn Peninsula,"Stephanie Peacock, Chris Guinchard, Dylan Smyth, Mirko Diaz",none,50,0,0.1-5,NW,NA,NA,NA,NA,NA,JSPK1128,8.5,2,standard,NA,June 16,2016,170
JE276N1,JE276,1,targeted,30,13:42:00,50.546326,-126.669166,NA,NA,NA,Yes,6,6,10,100,10,20,0,0,2,2,NA,NA,1,SEMSP,"Chinook mis-IDed as Coho, couldn't revive.",2016-06-18,J03,JS,N,Cracroft Point,"Stephanie Peacock, Chris Guinchard, Dylan Smyth, Mirko Diaz",none,100,1,0.1-5,NW,NA,NA,NA,NA,NA,JSPK1130,7.5,1,standard,NA,June 16,2016,170
JE284N1,JE284,1,targeted,1,11:20:00,50.54401,-126.81461,NA,NA,NA,No,0,1,0,300,0,300,0,1,0,0,NA,NA,NA,SEMSP,"Caught sockeye for Emma, no sockeye in next set. No other sockeye found at site after 20 minute search.",2016-06-23,J09,JS,S,Blinkhorn Peninsula,"Sean Godwin, Shannon Mendt, Clare Atkinson, Fiona Francis",moderate,100,0,0,NA,NA,NA,NA,NA,NA,JSPK1136,10,1,standard,NA,June 23,2016,175
JE286N1,JE286,1,targeted,7,16:17:00,50.55803,-126.73463,NA,NA,NA,Yes,26,27,10,1000,10,700,2,2,7,7,NA,NA,0,SEMSP,One sockeye released b/c dropped during transfer.,2016-06-23,J03,JS,N,Cracroft Point,"Sean Godwin, Shannon Mendt, Clare Atkinson, Fiona Francis",light,100,1,0.1-5,NE,NA,NA,NA,NA,NA,JSPK1138,9,1,standard,NA,June 23,2016,175
JE288N1,JE288,1,targeted,5,06:30:00,50.6017,-126.70318,NA,NA,NA,Yes,4,4,10,20,10,20,1,1,0,0,NA,NA,0,SEMSP,"Other activity in area, but no distinct sockeye. Difficult catching consditions, so kept school. Herring was small (~6cm) and dead when net was brought in.",2016-06-24,J02,JS,N,Swanson Island,"Sean Godwin, Shannon Mendt, Clare Atkinson, Fiona Francis",moderate,100,1,0,NA,NA,NA,NA,NA,NA,JSPK1140,8,1,standard,"Other activity in area, but no distinct sockeye. Difficult catching consditions, so kept school. Herring was small (~6cm) and dead when net was brought in.",June 23,2016,176
JE294N2,JE294,2,targeted,3,06:15:00,50.601529,-126.703784,NA,NA,NA,No,0,2,0,20,0,20,0,2,0,0,NA,NA,NA,SEMSP,NA,2016-07-04,J02,JS,N,Swanson Island,"Lauren Portner, Dylan Smyth, Mirko Diaz, Olivia Gutjahr",none,100,1,0.1-5,NW,NA,NA,NA,NA,NA,JSPK1146,6,2,standard,NA,July 6,2016,186
JE294N1,JE294,1,targeted,NA,NA,NA,NA,NA,NA,NA,No,0,0,NA,NA,NA,NA,NA,NA,NA,NA,NA,NA,NA,SEMSP,No sockeye in set; did not enumerate,2016-07-04,J02,JS,N,Swanson Island,"Lauren Portner, Dylan Smyth, Mirko Diaz, Olivia Gutjahr",none,100,1,0.1-5,NW,NA,NA,NA,NA,NA,JSPK1146,6,2,standard,NA,July 6,2016,186
JE298N1,JE298,1,targeted,18,13:35:00,50.543818,-126.794456,NA,NA,NA,Yes,15,50,10,200,10,200,7,7,0,0,NA,NA,1,SEMSP,NA,2016-07-04,J09,JS,S,Blinkhorn Peninsula,"Lauren Portner, Dylan Smyth, Mirko Diaz, Olivia Gutjahr",none,50,2,0.1-5,NW,NA,NA,NA,NA,NA,JSPK1150,9,1,standard,NA,July 6,2016,186
JE304N2,JE304,2,targeted,NA,08:20:00,50.54522,-126.65949,10,0,10,Yes,23,23,0,0,10,59,8,8,0,0,0,0,1,SEMSP,Seine ID formerly JN1,2017-06-06,J03,JS,N,Cracroft Point,"Lauren Portner, Dylan Smyth, Mirko Diaz, Emma Atkinson",none,0,1,0.1-5,SW,ebb,06:27:00,06:43:00,NA,NA,JSPK1158,8,3,standard,Missed fish on first set. Had to wait for cruise ship wake to do second set. Long search time after first set (fish dove?). No CTD on board. Secchi drop on datasheet only (not on digital form).,June 9,2017,157
JE304N1,JE304,1,targeted,NA,NA,NA,NA,NA,NA,NA,No,0,0,NA,NA,NA,NA,NA,NA,NA,NA,NA,NA,NA,SEMSP,No sockeye in set; did not enumerate. Seine ID formerly JE304N1,2017-06-06,J03,JS,N,Cracroft Point,"Lauren Portner, Dylan Smyth, Mirko Diaz, Emma Atkinson",none,0,1,0.1-5,SW,ebb,06:27:00,06:43:00,NA,NA,JSPK1158,8,3,standard,Missed fish on first set. Had to wait for cruise ship wake to do second set. Long search time after first set (fish dove?). No CTD on board. Secchi drop on datasheet only (not on digital form).,June 9,2017,157
JE305N1,JE305,1,targeted,NA,15:27:00,50.6022,-126.70567,10,0,1000,Yes,7,600,0,0,0,100,0,100,0,10,0,0,1,SEMSP,"No oceanography completed due to sudden change in weather. Trialled live-licing and anaesthatization protocols, but could not finish due to weather. Some morphological measurements missing. . Seine ID formerly JN4",2017-06-06,J02,JS,N,Swanson Island,"Lauren Portner, Dylan Smyth, Mirko Diaz, Emma Atkinson",none,25,0,0,NA,ebb,14:18:00,14:34:00,NA,NA,NA,NA,1,standard,"No oceanography completed due to sudden change in weather. Trialled live-licing and anaesthatization protocols, but could not finish due to weather. Some morphological measurements missing.",June 9,2017,157
JE306N1,JE306,1,targeted,NA,07:10:00,50.5438,-126.80927,10,0,100,Yes,30,325,0,0,10,50,10,45,0,0,0,0,1,SEMSP,Seine ID formerly JN5,2017-06-13,J09,JS,S,Blinkhorn Peninsula,"Dylan Smyth, Emma Atkinson, Lauren Portner, Dylan Shea",none,100,1,0,NA,ebb,06:36:00,06:52:00,NA,J09_2017-06-13_2,JSPK1160,10.5,2,standard,NA,June 16,2017,164
JE306N2,JE306,2,targeted,NA,11:20:00,50.54393,-126.8131,10,0,100,No,0,130,0,10,0,10,0,10,0,1,0,0,NA,SEMSP,Seine ID formerly JN6,2017-06-13,J09,JS,S,Blinkhorn Peninsula,"Dylan Smyth, Emma Atkinson, Lauren Portner, Dylan Shea",none,100,1,0,NA,ebb,06:36:00,06:52:00,NA,J09_2017-06-13_2,JSPK1160,10.5,2,standard,NA,June 16,2017,164
JE307N1,JE307,1,targeted,NA,06:23:00,50.54411,-126.65398,10,0,100,Yes,30,300,0,0,10,250,10,25,10,25,1,1,1,SEMSP,Chinook in package JP25 (UFN14037). First chum of JP29 (UFN12681) had a cal mot that came out of the bag. First chinook out at 6:50 and straight into dewar (package JP25). Used remaining fish in net from retention set in place of lousing set due to weather. Only loused 10 chum. . Seine ID formerly JN7,2017-06-14,J03,JS,N,Cracroft Point,"Lauren Portner, Dylan Smyth, Emma Atkinson, Dylan Shea",none,100,1,0.1-5,SE,ebb,05:51:00,06:04:00,NA,NA,JSPK1161,8,1,standard,CTD failed to record cast,June 16,2017,165
JE308N1,JE308,1,targeted,NA,09:37:00,50.60233,-126.70309,1,0,100,Yes,30,200,1,4,10,500,5,5,10,30,1,1,1,SEMSP,"Last half of visual survey was a B2-3, so visibility was difficult. We caught 3 local pink fry.. Seine ID formerly JN9",2017-06-20,J02,JS,N,Swanson Island,"Emma Atkinson, Lauren Portner, Dylan Smyth, Mirko Diaz",none,100,1,0.1-5,NW,flood,08:36:00,08:52:00,NA,NA,JSPK1163,8.5,2,standard,"Last half of visual survey was a B2-3, so visibility was difficult. We caught 3 local pink fry. CTD not recording drops (turning off spontaneously).",June 23,2017,171
JE309N1,JE309,1,targeted,NA,06:37:00,50.54487,-126.81252,1,0,10,Yes,30,175,0,0,10,75,0,0,2,2,0,0,1,SEMSP,Seine ID formerly JN11,2017-06-21,J09,JS,S,Blinkhorn Peninsula,"Lauren Portner, Dylan Smyth, Mirko Diaz, Emma Atkinson",none,75,1,0.1-5,NW,ebb,05:56:00,06:10:00,NA,NA,JSPK1167,10,2,standard,NA,June 23,2017,172
JE309N2,JE309,2,targeted,NA,11:11:00,50.54628,-126.81474,10,0,10,No,0,120,0,0,0,180,0,0,0,1,0,0,NA,SEMSP,Seine ID formerly JN12,2017-06-21,J09,JS,S,Blinkhorn Peninsula,"Lauren Portner, Dylan Smyth, Mirko Diaz, Emma Atkinson",none,75,1,0.1-5,NW,ebb,05:56:00,06:10:00,NA,NA,JSPK1167,10,2,standard,NA,June 23,2017,172
JE310N1,JE310,1,targeted,NA,07:10:00,50.54574,-126.81679,1,1,0,Yes,26,26,3,3,10,58,2,2,1,1,0,0,1,SEMSP,"20 sockeye in retention set were bucketed, and then returned to the bunt before individual fish collection occured.. Seine ID formerly JN13",2017-06-27,J09,JS,S,Blinkhorn Peninsula,"Dylan Smyth, Emma Atkinson, Lauren Portner, Mirko Diaz",none,100,2,10-15,NW,ebb,05:56:00,06:11:00,NA,NA,JSPK1164,9.5,2,standard,NA,June 30,2017,178
JE310N2,JE310,2,targeted,NA,11:17:00,50.54582,-126.81618,1,1,0,Yes,4,390,0,60,0,660,0,10,0,10,0,0,1,SEMSP,Seine ID formerly JN14,2017-06-27,J09,JS,S,Blinkhorn Peninsula,"Dylan Smyth, Emma Atkinson, Lauren Portner, Mirko Diaz",none,100,2,10-15,NW,ebb,05:56:00,06:11:00,NA,NA,JSPK1164,9.5,2,standard,NA,June 30,2017,178
JE311N5,JE311,5,targeted,NA,10:27:00,50.60278,-126.70284,10,0,100,Yes,30,43,10,15,10,530,4,4,4,5,2,2,1,SEMSP,"First half of visual survey was a B2, second half was a B3. Loused 10 chum and 10 pink from retention set instead of setting the net again. Secchi hit the bottom at 7.5m.. Seine ID formerly JN15",2017-06-28,J02,JS,N,Swanson Island,"Dylan Smyth, Emma Atkinson, Lauren Portner, Mirko Diaz",none,75,2,5-10,NW,ebb,05:42:00,05:57:00,NA,NA,JSPK1165,11.5,5,standard,"First half of visual survey was a B2, second half was a B3. Secchi hit the bottom at 7.5m.",June 30,2017,179
JE311N1,JE311,1,targeted,NA,NA,NA,NA,NA,NA,NA,No,0,0,NA,NA,NA,NA,NA,NA,NA,NA,NA,NA,NA,SEMSP,No sockeye in set; did not enumerate. Seine ID formerly JE311N1,2017-06-28,J02,JS,N,Swanson Island,"Dylan Smyth, Emma Atkinson, Lauren Portner, Mirko Diaz",none,75,2,5-10,NW,ebb,05:42:00,05:57:00,NA,NA,JSPK1165,11.5,5,standard,"First half of visual survey was a B2, second half was a B3. Secchi hit the bottom at 7.5m.",June 30,2017,179
JE311N2,JE311,2,targeted,NA,NA,NA,NA,NA,NA,NA,No,0,0,NA,NA,NA,NA,NA,NA,NA,NA,NA,NA,NA,SEMSP,No sockeye in set; did not enumerate. Seine ID formerly JE311N2,2017-06-28,J02,JS,N,Swanson Island,"Dylan Smyth, Emma Atkinson, Lauren Portner, Mirko Diaz",none,75,2,5-10,NW,ebb,05:42:00,05:57:00,NA,NA,JSPK1165,11.5,5,standard,"First half of visual survey was a B2, second half was a B3. Secchi hit the bottom at 7.5m.",June 30,2017,179
JE311N3,JE311,3,targeted,NA,NA,NA,NA,NA,NA,NA,No,0,0,NA,NA,NA,NA,NA,NA,NA,NA,NA,NA,NA,SEMSP,No sockeye in set; did not enumerate. Seine ID formerly JE311N3,2017-06-28,J02,JS,N,Swanson Island,"Dylan Smyth, Emma Atkinson, Lauren Portner, Mirko Diaz",none,75,2,5-10,NW,ebb,05:42:00,05:57:00,NA,NA,JSPK1165,11.5,5,standard,"First half of visual survey was a B2, second half was a B3. Secchi hit the bottom at 7.5m.",June 30,2017,179
JE311N4,JE311,4,targeted,NA,NA,NA,NA,NA,NA,NA,No,0,0,NA,NA,NA,NA,NA,NA,NA,NA,NA,NA,NA,SEMSP,No sockeye in set; did not enumerate. Seine ID formerly JE311N4,2017-06-28,J02,JS,N,Swanson Island,"Dylan Smyth, Emma Atkinson, Lauren Portner, Mirko Diaz",none,75,2,5-10,NW,ebb,05:42:00,05:57:00,NA,NA,JSPK1165,11.5,5,standard,"First half of visual survey was a B2, second half was a B3. Secchi hit the bottom at 7.5m.",June 30,2017,179
JE312N1,JE312,1,targeted,NA,06:56:00,50.54505,-126.65729,10,1,100,Yes,0,0,6,6,10,425,0,0,10,20,0,0,1,SEMSP,Seine ID formerly JN17,2017-07-07,J03,JS,N,Cracroft Point,"Dylan Smyth, Dylan Shea, Lauren Portner, Mirko Diaz",none,75,0,0,NA,ebb,06:17:00,06:32:00,NA,NA,JSPK1168,7.5,1,standard,NA,July 6,2017,188
JE313N1,JE313,1,targeted,NA,10:16:00,50.60144,-126.70046,10,0,10,No,0,0,0,1,0,119,0,6,0,2,0,2,NA,SEMSP,Seine ID formerly JN20,2017-07-07,J02,JS,N,Swanson Island,"Dylan Smyth, Dylan Shea, Lauren Portner, Mirko Diaz",none,100,0,0.1-5,NW,flood,09:29:00,09:46:00,NA,NA,NA,NA,1,standard,NA,July 6,2017,188
JE314N1,JE314,1,targeted,NA,06:45:00,50.54372,-126.81769,100,1,100,Yes,1,1,10,15,10,580,2,4,2,2,0,0,1,SEMSP,"2 coho not retained, did not fit through milk jug. Seine ID formerly JN21",2017-07-06,J09,JS,S,Blinkhorn Peninsula,"Dylan Smyth, Dylan Shea, Lauren Portner, Mirko Diaz",none,100,0,0,NA,ebb,06:04:00,06:20:00,NA,J09_2017-07-06_1,JSPK1166,5.5,2,standard,NA,July 6,2017,187
JE314N2,JE314,2,targeted,NA,09:59:00,50.54454,-126.81227,1,0,100,No,0,0,0,20,0,230,0,0,0,0,0,0,NA,SEMSP,Seine ID formerly JN22,2017-07-06,J09,JS,S,Blinkhorn Peninsula,"Dylan Smyth, Dylan Shea, Lauren Portner, Mirko Diaz",none,100,0,0,NA,ebb,06:04:00,06:20:00,NA,J09_2017-07-06_1,JSPK1166,5.5,2,standard,NA,July 6,2017,187
DE505N2,DE505,2,targeted,NA,10:55:00,50.3154,-125.053,0,0,0,no,0,0,0,1,0,0,0,0,0,0,0,0,NA,SEMSP,NA,2018-05-11,D08,DI,E,Calm Channel,"Brett Johnson, Katie Davidson, Sara Tremblay-Boyer, Julian Gan",none,0,2,10-15,NW,ebb tide,09:42:00,09:57:00,NA,NA,NA,NA,2,standard,NA,May 12,2018,131
DE506N1,DE506,1,targeted,NA,07:25:00,50.18167,-125.1523,0,1,10,yes,0,0,10,30,10,70,2,2,0,0,0,0,NA,SEMSP,NA,2018-05-14,D07,DI,C,Hoskyn Channel,"Carly Janusson, Brett Johnson, Sara Boyer-Tremblay, Katie Davidson",none,25,1,5-10,N,ebb tide,06:52:00,07:05:00,NA,NA,NA,NA,1,standard,NA,May 12,2018,134
DE510N1,DE510,1,targeted,NA,10:15:00,50.309206,-125.323291,0,1,10,yes,0,0,10,117,10,217,0,0,0,0,0,0,NA,SEMSP,NA,2018-05-15,D09,DI,C,Okisollo Channel,"Sam James, Brett Johnson, Sara Tremblay-Boyer, Katie Davidson",none,25,1,0.1-5,NW,ebb tide,09:19:00,09:33:00,NA,NA,NA,NA,1,standard,NA,May 12,2018,135
JE412N1,JE412,1,targeted,NA,08:25:00,50.53912,-126.77893,1,1,10,no,0,0,0,0,0,0,0,39,0,3,0,2,NA,SEMSP,NA,2018-05-17,J11,JS,S,Blinkhorn Bay,"Dylan Smyth, Mirko Diaz, Michelle Douglas, Julian Gan",none,25,1,0,NA,ebb tide,07:33:00,07:47:00,NA,NA,NA,NA,1,standard,No setttable activity for a second set.,May 19,2018,137
DE516N1,DE516,1,targeted,NA,09:10:00,50.316983,-125.049967,0,1,0,no,0,0,0,0,0,0,0,0,0,0,0,0,NA,SEMSP,NA,2018-05-17,D08,DI,E,Calm Channel,"Sam James, Brett Johnson, Sara Tremblay-Boyer, Katie Davidson",none,0,0,0.1-5,NW,ebb tide,08:20:00,08:34:00,NA,NA,NA,NA,2,standard,NA,May 19,2018,137
DE516N2,DE516,2,targeted,NA,09:46:00,50.316117,-125.052167,0,0,1,yes,0,0,10,30,7,0,10,15,0,0,1,1,NA,SEMSP,NA,2018-05-17,D08,DI,E,Calm Channel,"Sam James, Brett Johnson, Sara Tremblay-Boyer, Katie Davidson",none,0,0,0.1-5,NW,ebb tide,08:20:00,08:34:00,NA,NA,NA,NA,2,standard,NA,May 19,2018,137
JE401N1,JE401,1,targeted,NA,07:12:00,50.5429,-126.81615,0,1,10,no,0,0,0,0,0,0,0,0,0,0,0,0,NA,SEMSP,NA,2018-05-21,J09,JS,S,Blinkhorn Peninsula,"Dylan Smyth, Michelle Douglas, Erin Pippus, Mirko Diaz",none,75,0,0,NA,flood,06:24:00,06:39:00,NA,NA,NA,NA,1,standard,~120 rockfish were caught first set. No further settable activity,May 19,2018,141
JE402N1,JE402,1,targeted,NA,08:49:00,50.53927,-126.78078,0,1,10,yes,3,3,0,0,0,0,10,87,5,6,0,0,NA,SEMSP,NA,2018-05-21,J11,JS,S,Blinkhorn Bay,"Dylan Smyth, Michelle Douglas, Erin Pippus, Mirko Diaz",none,75,1,0.1-5,SE,flood,08:01:00,08:16:00,NA,NA,NA,NA,1,standard,NA,May 19,2018,141
DE517N1,DE517,1,targeted,NA,07:30:00,NA,NA,1,0,0,no,0,0,0,0,0,0,0,0,0,0,0,0,NA,SEMSP,NA,2018-05-22,D09,DI,C,Okisollo Channel,"Brett Johnson, Katie Davidson, Sara Tremblay-Boyer, Steve Johnson, Noah Kussin, Carly Janusson, Jessica Garzke",none,0,0,0,NA,flood,07:21:00,07:34:00,NA,NA,NA,NA,2,standard,Ebb tide & 25% CC during oceanography survey,May 19,2018,142
DE517N2,DE517,2,targeted,NA,08:15:00,50.31006,-125.317963,10,0,10,yes,30,40,10,50,8,10,1,1,2,2,0,0,NA,SEMSP,NA,2018-05-22,D09,DI,C,Okisollo Channel,"Brett Johnson, Katie Davidson, Sara Tremblay-Boyer, Steve Johnson, Noah Kussin, Carly Janusson, Jessica Garzke",none,0,0,0,NA,flood,07:21:00,07:34:00,NA,NA,NA,NA,2,standard,Ebb tide & 25% CC during oceanography survey,May 19,2018,142
DE531N1,DE531,1,targeted,NA,09:00:00,50.271333,-125.368,0,1,0,yes,30,1564,10,1956,4,391,0,0,2,2,0,1,NA,SEMSP,"Let out 2,150 fish during processing due to elevated stress caused by high density in net",2018-05-23,D27,DI,W,Granite Point,"Brett Johnson, Katie Davidson, Sara Tremblay-Boyer, Julian Gan",none,0,1,0.1-5,NW,flood,08:28:00,08:43:00,NA,NA,NA,NA,1,standard,NA,May 26,2018,143
DE513N1,DE513,1,targeted,NA,07:25:00,50.30785,-125.328333,1,0,0,no,0,4,0,14,0,0,0,0,0,0,0,0,NA,SEMSP,NA,2018-05-28,D09,DI,C,Okisollo Channel,"Julian Gan, Katie Davidson, Sara Tremblay-Boyer, Stephen Johnston",none,100,1,0.1-5,NW,ebb tide,06:43:00,06:58:00,NA,NA,NA,NA,2,standard,NA,May 26,2018,148
DE513N2,DE513,2,targeted,NA,08:00:00,50.30705,-125.332333,1,0,0,yes,30,189,5,21,10,10,0,0,0,4,0,2,NA,SEMSP,NA,2018-05-28,D09,DI,C,Okisollo Channel,"Julian Gan, Katie Davidson, Sara Tremblay-Boyer, Stephen Johnston",none,100,1,0.1-5,NW,ebb tide,06:43:00,06:58:00,NA,NA,NA,NA,2,standard,NA,May 26,2018,148
DE514N1,DE514,1,targeted,NA,09:00:00,50.440686,-125.294356,0,1,0,yes,4,4,10,24,10,266,0,0,0,0,1,1,NA,SEMSP,NA,2018-05-30,D10,DI,E,Hall Point,"Sara Tremblay-Boyer, Katie Davidson, Brett Johnson, Julian Gan, Brian Hendricks",none,0,1,5-10,NW,ebb tide,07:34:00,07:47:00,NA,NA,NA,NA,1,standard,NA,June 2,2018,150
JE417N1,JE417,1,targeted,NA,07:22:00,50.54342,-126.81474,10,10,10,yes,30,146,10,49,10,39,10,20,0,0,0,1,NA,SEMSP,NA,2018-05-31,J09,JS,S,Blinkhorn Peninsula,"Dylan Smyth, Mirko Diaz, Erin Pippus, Michelle Douglas",none,75,2,0.1-5,NW,ebb tide,06:20:00,06:35:00,NA,NA,NA,NA,2,standard,No net. Unable to do Zooptow,June 2,2018,151
JE418N1,JE418,1,targeted,NA,06:57:00,50.54561,-126.66166,10,0,100,yes,30,113,10,28,10,22,1,1,5,5,0,0,NA,SEMSP,"1st pink out at 07:30am mistaken for sockeye, put in dewar immediately after measurements taken.",2018-06-03,J03,JS,N,Cracroft Point,"Dylan Smyth, Mirko Diaz, Michelle Douglas, Erin Pippus",none,100,1,0.1-5,SE,flood,06:10:00,06:25:00,NA,NA,NA,NA,1,standard,NA,June 2,2018,154
DE520N2,DE520,2,targeted,NA,08:15:00,50.307767,-125.32905,1,0,1,no,0,3,0,3,0,16,0,0,0,0,0,0,NA,SEMSP,NA,2018-06-04,D09,DI,C,Okisollo Channel,"Julian Gan, Katie Davidson, Noah Kussin-Bordo, Brian Hendriks",none,0,0,0.1-5,N,flood,06:49:00,07:04:00,NA,NA,NA,NA,3,standard,NA,June 2,2018,155
DE520N3,DE520,3,targeted,NA,08:35:00,50.306917,-125.3288,0,0,10,yes,8,8,10,56,10,56,0,0,0,0,0,0,NA,SEMSP,NA,2018-06-04,D09,DI,C,Okisollo Channel,"Julian Gan, Katie Davidson, Noah Kussin-Bordo, Brian Hendriks",none,0,0,0.1-5,N,flood,06:49:00,07:04:00,NA,NA,NA,NA,3,standard,NA,June 2,2018,155
DE521N1,DE521,1,targeted,NA,06:50:00,50.267967,-125.358733,1,1,10,yes,24,48,10,302,10,132,0,0,6,55,0,0,NA,SEMSP,NA,2018-06-05,D27,DI,W,Granite Point,"Katie Davidson, Sara Tremblay-Boyer, Julian Gan, Lauren Portner",none,100,0,0.1-5,SE,flood,06:18:00,06:30:00,NA,NA,NA,NA,1,standard,NA,June 2,2018,156
JE414N1,JE414,1,targeted,NA,07:03:00,50.54387,-126.80852,10,10,100,yes,30,488,10,203,10,81,3,33,0,8,0,0,NA,SEMSP,Morts and unhealthy fish caused by unseen fold in net under piece of kelp caught during set. Coho and Herring not sampled due to poor weather conditions / unhealthy fish.,2018-06-07,J09,JS,S,Blinkhorn Peninsula,"Dylan Smyth, Mirko Diaz, Michelle Douglas, Erin Pippus",light,100,0,0.1-5,SE,high slack,06:21:00,06:37:00,NA,NA,NA,NA,1,standard,NA,June 9,2018,158
DE522N1,DE522,1,targeted,NA,07:43:00,50.443485,-125.28775,1,0,10,yes,30,450,10,1060,10,1060,0,30,10,460,0,0,NA,SEMSP,not sampled coho because too big for whirlpacks and it has been more than 2 hours we had the fish. majority of pink/chum seems locals (pretty small ones),2018-06-07,D10,DI,E,Hall Point,"Katie Davidson, Sara Tremblay-Boyer, Brian Hendricks, Lauren Portner",light,100,1,0.1-5,SE,flood,07:07:00,07:20:00,NA,NA,NA,NA,1,standard,no settable activity,June 9,2018,158
DE523N1,DE523,1,targeted,NA,07:05:00,50.3099,-125.319633,1,1,10,no,0,14,0,1080,0,257,0,0,0,0,0,0,NA,SEMSP,NA,2018-06-11,D09,DI,C,Okisollo Channel,"Julian Gan, Katie Davidson, Sara Tremblay-Boyer, Chris O'Sullivan",none,0,0,0.1-5,NW,ebb tide,06:24:00,06:39:00,NA,NA,NA,NA,1,standard,NA,June 9,2018,162
DE523N2,DE523,2,targeted,NA,08:08:00,50.307183,-125.335133,0,0,0,no,0,7,0,0,0,0,0,0,0,0,0,0,NA,SEMSP,NA,2018-06-11,D09,DI,C,Okisollo Channel,"Julian Gan, Katie Davidson, Sara Tremblay-Boyer, Chris O'Sullivan",none,0,0,0.1-5,NW,ebb tide,06:24:00,06:39:00,NA,NA,NA,NA,1,standard,NA,June 9,2018,162
DE523N3,DE523,3,targeted,NA,08:45:00,50.30345,-125.33885,1,1,1,yes,26,31,10,340,10,150,0,2,0,1,0,0,NA,SEMSP,"Coho too big to fit into whirl-paks; had to release fish after 2 hrs holding in net due to morts observed and noticeable scale loss due to rough conditions, so unable to take full retention of SO & HE",2018-06-11,D09,DI,C,Okisollo Channel,"Julian Gan, Katie Davidson, Sara Tremblay-Boyer, Chris O'Sullivan",none,0,0,0.1-5,NW,ebb tide,06:24:00,06:39:00,NA,NA,NA,NA,1,standard,NA,June 9,2018,162
JE415N1,JE415,1,targeted,NA,06:54:00,50.60207,-126.70187,1,1,10,no,0,40,0,480,0,240,0,0,0,40,0,0,NA,SEMSP,"first set released due to strong current, unsafe to process.",2018-06-12,J02,JS,N,Swanson Island,"Dylan Smyth, Mirko Diaz, Erin Pippus, Michelle Douglas",none,100,1,0.1-5,SE,ebb tide,06:19:00,06:37:00,NA,NA,NA,NA,2,standard,no visual survey at primary site due to poor weather.,June 9,2018,163
JE415N2,JE415,2,targeted,NA,07:41:00,50.60197,-126.70232,0,0,10,yes,8,8,10,26,10,22,0,0,0,3,0,0,NA,SEMSP,left early due to possible gas leak on boat and building weather.,2018-06-12,J02,JS,N,Swanson Island,"Dylan Smyth, Mirko Diaz, Erin Pippus, Michelle Douglas",none,100,1,0.1-5,SE,ebb tide,06:19:00,06:37:00,NA,NA,NA,NA,2,standard,no visual survey at primary site due to poor weather.,June 9,2018,163
DE524N1,DE524,1,targeted,NA,07:04:00,50.27095,-125.365483,0,0,10,no,0,5,0,235,0,235,0,1,0,1,0,0,NA,SEMSP,NA,2018-06-12,D27,DI,W,Granite Point,"Sara Tremblay-Boyer, Katie Davidson, Julian Gan, Chris O'Sullivan",none,100,1,0.1-5,NW,ebb tide,06:07:00,06:19:00,NA,NA,NA,NA,4,standard,NA,June 9,2018,163
DE524N2,DE524,2,targeted,NA,07:42:00,50.268817,-125.359533,0,0,10,no,0,0,0,95,0,96,0,0,0,1,0,0,NA,SEMSP,NA,2018-06-12,D27,DI,W,Granite Point,"Sara Tremblay-Boyer, Katie Davidson, Julian Gan, Chris O'Sullivan",none,100,1,0.1-5,NW,ebb tide,06:07:00,06:19:00,NA,NA,NA,NA,4,standard,NA,June 9,2018,163
DE524N3,DE524,3,targeted,NA,07:57:00,50.270667,-125.365017,0,0,10,no,0,0,0,21,0,115,0,0,0,2,0,0,NA,SEMSP,NA,2018-06-12,D27,DI,W,Granite Point,"Sara Tremblay-Boyer, Katie Davidson, Julian Gan, Chris O'Sullivan",none,100,1,0.1-5,NW,ebb tide,06:07:00,06:19:00,NA,NA,NA,NA,4,standard,NA,June 9,2018,163
DE524N4,DE524,4,targeted,NA,09:22:00,50.26805,-125.358833,1,0,10,no,0,0,0,22,0,100,0,3,0,1,0,0,NA,SEMSP,NA,2018-06-12,D27,DI,W,Granite Point,"Sara Tremblay-Boyer, Katie Davidson, Julian Gan, Chris O'Sullivan",none,100,1,0.1-5,NW,ebb tide,06:07:00,06:19:00,NA,NA,NA,NA,4,standard,NA,June 9,2018,163
DE525N1,DE525,1,targeted,NA,11:15:00,50.233733,-125.395717,1,10,10,yes,0,20,10,4060,10,1740,0,1,0,6,0,0,NA,SEMSP,"Released ~3,000 fish prior to processing due to high density. Failed to find SO (and HE) in net before fish had to be released due to deteriorating condition in net. CO too large to fit in whirl-pak (post-smolt, >30cm). 11 fish released in poor condition (species unverified).",2018-06-12,D22,DI,W,McMullen Point,"Sara Tremblay-Boyer, Katie Davidson, ulian Gan, Chris O'Sullivan",none,100,2,0.1-5,SE,low slack,10:40:00,10:55:00,NA,NA,NA,NA,1,standard,NA,June 9,2018,163
DE526N1,DE526,1,targeted,NA,08:35:00,338575.5,-125.273467,1,1,1,yes,1,1,10,360,10,40,0,0,0,0,1,1,NA,SEMSP,NA,2018-06-13,D10,DI,E,Hall Point,"Brett Johnson, Katie Davidson, Sara Tremblay-Boyer, Julian Gan",light,100,1,0.1-5,SE,ebb tide,06:48:00,07:01:00,NA,NA,NA,NA,1,standard,NA,June 16,2018,164
JE419N1,JE419,1,targeted,NA,07:25:00,50.54416,-126.80831,10,10,10,yes,16,27,10,537,10,537,0,0,0,10,0,0,NA,SEMSP,Gas leak in Althea. Fish exposed to full slick. Unable to process Herring or perform  a second set.,2018-06-14,J09,JS,S,Blinkhorn Peninsula,"Dylan Smyth, Mirko Diaz, Michelle Douglas, Erin Pippus",none,100,0,0.1-5,NW,ebb tide,06:09:00,06:24:00,NA,NA,NA,NA,1,standard,So many logs,June 16,2018,165
DE527N1,DE527,1,targeted,NA,08:03:00,50.30915,-125.32305,0,0,0,no,0,0,0,70,0,30,0,0,0,0,0,0,NA,SEMSP,NA,2018-06-18,D09,DI,C,Okisollo Channel,"Sara Tremblay-Boyer, Katie Davidson, ulian Gan,",none,0,1,0.1-5,NW,flood,06:20:00,06:35:00,NA,NA,NA,NA,3,standard,NA,June 16,2018,169
DE527N2,DE527,2,targeted,NA,08:40:00,50.303167,-125.3387,0,0,0,no,0,0,0,20,0,5,0,0,0,0,0,0,NA,SEMSP,NA,2018-06-18,D09,DI,C,Okisollo Channel,"Sara Tremblay-Boyer, Katie Davidson, ulian Gan,",none,0,1,0.1-5,NW,flood,06:20:00,06:35:00,NA,NA,NA,NA,3,standard,NA,June 16,2018,169
DE527N3,DE527,3,targeted,NA,09:10:00,50.308417,-125.3309,0,0,1,yes,0,0,10,513,10,37,0,0,0,0,0,0,NA,SEMSP,NA,2018-06-18,D09,DI,C,Okisollo Channel,"Sara Tremblay-Boyer, Katie Davidson, ulian Gan,",none,0,1,0.1-5,NW,flood,06:20:00,06:35:00,NA,NA,NA,NA,3,standard,NA,June 16,2018,169
DE529N1,DE529,1,targeted,NA,07:05:00,50.268067,-125.35845,0,1,1,no,0,0,0,88,0,87,0,2,0,0,0,1,NA,SEMSP,NA,2018-06-19,D27,DI,W,Granite Point,"Sara Tremblay-Boyer, Katie Davidson, David Costalago, Julian Gan",none,25,1,0.1-5,SE,flood,06:22:00,06:36:00,NA,NA,NA,NA,2,standard,NA,June 16,2018,170
DE529N2,DE529,2,targeted,NA,07:58:00,50.2693,-125.360467,0,1,1,no,0,0,0,90,0,210,0,2,0,0,0,1,NA,SEMSP,NA,2018-06-19,D27,DI,W,Granite Point,"Sara Tremblay-Boyer, Katie Davidson, David Costalago, Julian Gan",none,25,1,0.1-5,SE,flood,06:22:00,06:36:00,NA,NA,NA,NA,2,standard,NA,June 16,2018,170
DE530N1,DE530,1,targeted,NA,09:50:00,50.2351,-125.397083,1,0,0,no,0,0,0,1,0,0,0,0,0,0,0,0,NA,SEMSP,NA,2018-06-19,D22,DI,W,McMullen Point,"Sara Tremblay-Boyer, Katie Davidson, David Costalago, Julian Gan",none,0,1,0.1-5,SE,flood,09:20:00,09:34:00,NA,NA,NA,NA,2,standard,NA,June 16,2018,170
DE530N2,DE530,2,targeted,NA,10:51:00,50.239,-125.401233,0,1,1,yes,0,0,10,613,10,412,0,0,0,1,1,1,NA,SEMSP,NA,2018-06-19,D22,DI,W,McMullen Point,"Sara Tremblay-Boyer, Katie Davidson, David Costalago, Julian Gan",none,0,1,0.1-5,SE,flood,09:20:00,09:34:00,NA,NA,NA,NA,2,standard,NA,June 16,2018,170
JE420N1,JE420,1,targeted,NA,09:34:00,50.60216,-126.70131,0,1,10,yes,8,8,10,46,10,34,0,0,0,0,0,0,NA,SEMSP,NA,2018-06-20,J02,JS,N,Swanson Island,"Dylan Smyth, Mirko Diaz, Michelle Douglas, Erin Pippus",light,100,1,0.1-5,NW,flood,08:29:00,08:45:00,NA,NA,NA,NA,1,standard,Heavy fog during transit and transect. Could not reach primary site. Three sets attempted at secondary site.,June 23,2018,171
DE532N1,DE532,1,targeted,NA,08:15:00,50.434567,-125.261567,0,1,1,no,0,0,0,0,0,0,0,0,0,0,0,0,NA,SEMSP,NA,2018-06-20,D10,DI,E,Hall Point,"Sara Tremblay-Boyer, Katie Davidson, David Costalago, Julian Gan",none,75,1,0.1-5,SE,flood,07:40:00,07:53:00,NA,NA,NA,NA,3,standard,"Set #2 herring released poor condition, no ice packs for cooling fish, first 3 herring in 12:20",June 23,2018,171
DE532N2,DE532,2,targeted,NA,09:00:00,50.434567,-125.261567,0,1,1,no,0,0,0,0,0,0,0,0,0,1,0,0,NA,SEMSP,"Set #2 herring released poor condition,",2018-06-20,D10,DI,E,Hall Point,"Sara Tremblay-Boyer, Katie Davidson, David Costalago, Julian Gan",none,75,1,0.1-5,SE,flood,07:40:00,07:53:00,NA,NA,NA,NA,3,standard,"Set #2 herring released poor condition, no ice packs for cooling fish, first 3 herring in 12:20",June 23,2018,171
DE532N3,DE532,3,targeted,NA,09:45:00,50.435,-125.263767,1,1,10,yes,10,15,10,1242,10,2288,0,0,9,9,0,0,NA,SEMSP,"No ice packs for cooling fish, first 3 herring in 12:20",2018-06-20,D10,DI,E,Hall Point,"Sara Tremblay-Boyer, Katie Davidson, David Costalago, Julian Gan",none,75,1,0.1-5,SE,flood,07:40:00,07:53:00,NA,NA,NA,NA,3,standard,"Set #2 herring released poor condition, no ice packs for cooling fish, first 3 herring in 12:20",June 23,2018,171
JE421N1,JE421,1,targeted,NA,08:24:00,50.54372,-126.81902,10,0,10,yes,17,17,10,359,10,359,0,0,10,19,0,0,NA,SEMSP,Released 400 fish after forming bunt.,2018-06-21,J09,JS,S,Blinkhorn Peninsula,"Dylan Smyth, Mirko Diaz, Michelle Douglas, Erin Pippus",none,100,0,0.1-5,NW,flood,06:49:00,07:04:00,NA,NA,NA,NA,2,standard,NA,June 23,2018,172
JE421N2,JE421,2,targeted,NA,12:14:00,50.54314,-126.81464,10,10,10,yes,13,376,0,909,0,545,0,0,0,0,0,0,NA,SEMSP,NA,2018-06-21,J09,JS,S,Blinkhorn Peninsula,"Dylan Smyth, Mirko Diaz, Michelle Douglas, Erin Pippus",none,100,0,0.1-5,NW,flood,06:49:00,07:04:00,NA,NA,NA,NA,2,standard,NA,June 23,2018,172
JE422N1,JE422,1,targeted,NA,07:18:00,50.54477,-126.65859,1,10,0,yes,5,5,10,219,10,99,1,3,0,0,0,0,NA,SEMSP,Two other Coho would not fit in Whirlpaks,2018-06-23,J03,JS,N,Cracroft Point,"Dylan Smyth, Mirko Diaz, Erin Pippus, Michelle Douglas",none,75,2,0.1-5,NW,ebb tide,06:15:00,06:30:00,NA,NA,NA,NA,2,standard,NA,June 23,2018,174
JE422N2,JE422,2,targeted,NA,10:28:00,50.54267,-126.65017,1,1,10,yes,12,12,0,131,0,87,0,0,1,1,0,0,NA,SEMSP,NA,2018-06-23,J03,JS,N,Cracroft Point,"Dylan Smyth, Mirko Diaz, Erin Pippus, Michelle Douglas",none,75,2,0.1-5,NW,ebb tide,06:15:00,06:30:00,NA,NA,NA,NA,2,standard,NA,June 23,2018,174
DE533N1,DE533,1,targeted,NA,07:22:00,50.305567,-125.337083,1,0,1,no,0,0,0,60,0,140,0,0,0,0,0,0,NA,SEMSP,NA,2018-06-25,D09,DI,C,Okisollo Channel,"Julian Gan, Katie Davidson, Sara Tremblay-Boyer, Eva Jordinson",none,100,1,10-15,NW,ebb tide,06:32:00,06:46:00,NA,NA,NA,NA,2,standard,NA,June 23,2018,176
DE533N2,DE533,2,targeted,NA,09:14:00,50.29995,-125.341167,0,0,0,yes,0,0,10,78,10,17,0,0,0,0,0,0,NA,SEMSP,NA,2018-06-25,D09,DI,C,Okisollo Channel,"Julian Gan, Katie Davidson, Sara Tremblay-Boyer, Eva Jordinson",none,100,1,10-15,NW,ebb tide,06:32:00,06:46:00,NA,NA,NA,NA,2,standard,NA,June 23,2018,176
JE423N1,JE423,1,targeted,NA,06:50:00,50.54327,-126.81796,1,10,10,yes,1,1,10,45,0,3,0,0,0,0,0,0,NA,SEMSP,NA,2018-06-28,J09,JS,S,Blinkhorn Peninsula,"Dylan Smyth, Mirko Diaz, Erin Pippus, Michelle Douglas",light,100,0,0,NA,ebb tide,06:22:00,06:39:00,NA,NA,NA,NA,2,standard,NA,June 30,2018,179
JE423N2,JE423,2,targeted,NA,08:59:00,50.54343,-126.81577,10,1,10,yes,4,4,0,297,10,208,0,0,0,0,1,1,NA,SEMSP,NA,2018-06-28,J09,JS,S,Blinkhorn Peninsula,"Dylan Smyth, Mirko Diaz, Erin Pippus, Michelle Douglas",light,100,0,0,NA,ebb tide,06:22:00,06:39:00,NA,NA,NA,NA,2,standard,NA,June 30,2018,179
DE534N1,DE534,1,targeted,NA,08:20:00,50.267517,-125.35945,0,1,0,no,0,0,0,0,0,0,0,0,0,0,0,0,NA,SEMSP,NA,2018-06-26,D27,DI,W,Granite Point,"Julian Gan, Katie Davidson, Sara Tremblay-Boyer, Eva Jordinson",none,0,1,0.1-5,NW,ebb tide,06:08:00,06:21:00,NA,NA,NA,NA,2,standard,NA,June 23,2018,177
DE534N2,DE534,2,targeted,NA,08:55:00,50.26815,-125.360967,0,1,0,yes,1,1,10,212,10,12,0,0,0,0,1,1,NA,SEMSP,NA,2018-06-26,D27,DI,W,Granite Point,"Julian Gan, Katie Davidson, Sara Tremblay-Boyer, Eva Jordinson",none,0,1,0.1-5,NW,ebb tide,06:08:00,06:21:00,NA,NA,NA,NA,2,standard,NA,June 23,2018,177
DE535N1,DE535,1,targeted,NA,07:20:00,50.438867,-125.267883,0,1,10,yes,0,0,10,183,10,68,0,0,0,0,0,0,NA,SEMSP,NA,2018-06-27,D10,DI,E,Hall Point,"Julian Gan, Katie Davidson, Sara Tremblay-Boyer, Brett Johnson",none,75,2,10-15,NW,ebb tide,06:44:00,06:57:00,NA,NA,NA,NA,1,standard,NA,June 30,2018,178
JE425N1,JE425,1,targeted,NA,08:43:00,50.60151,-126.70567,10,1,10,no,0,100,0,200,0,200,0,0,0,0,0,0,NA,SEMSP,"Current too strong to keep the fish, not safe to set again. School size is estimate only.",2018-06-29,J02,JS,N,Swanson Island,"Dylan Smyth, Michelle Douglas, Erin Pippus, Mirko Diaz",moderate,100,0,0,NA,ebb tide,07:20:00,07:38:00,NA,NA,NA,NA,1,standard,Current too strong to keep the fish or set again safely.,June 30,2018,180
DE537N1,DE537,1,targeted,NA,07:09:00,50.3092,-125.325,0,1,0,yes,0,0,10,85,1,1,0,0,0,0,0,0,NA,SEMSP,NA,2018-07-03,D09,DI,C,Okisollo Channel,"Sara Tremblay-Boyer, Katie Davidson, Julian Gan, Carly Janusson",none,75,1,5-10,NW,flood,06:29:00,06:43:00,NA,NA,NA,NA,1,standard,NA,June 30,2018,184
JE426N1,JE426,1,targeted,NA,07:14:00,50.54591,-126.6658,1,1,10,yes,1,1,10,185,10,185,0,0,1,1,0,0,NA,SEMSP,NA,2018-07-03,J03,JS,N,Cracroft Point,"Dylan Smyth, Mirko Diaz, Michelle Douglas, Erin Pippus",none,75,1,0.1-5,SE,flood,06:05:00,06:21:00,NA,NA,NA,NA,1,standard,NA,June 30,2018,184
JE427N1,JE427,1,targeted,NA,07:14:00,50.54367,-126.81252,1,10,10,yes,0,0,10,198,10,136,0,0,0,0,0,0,NA,SEMSP,NA,2018-07-04,J09,JS,S,Blinkhorn Peninsula,"Dylan Smyth, Mirko Diaz, Michelle Douglas, Erin Pippus",none,25,0,0,NA,flood,06:09:00,06:24:00,NA,NA,NA,NA,2,standard,NA,July 6,2018,185
JE427N2,JE427,2,targeted,NA,09:10:00,50.54412,-126.81375,0,1,10,no,0,0,0,35,0,35,0,0,0,0,0,0,NA,SEMSP,NA,2018-07-04,J09,JS,S,Blinkhorn Peninsula,"Dylan Smyth, Mirko Diaz, Michelle Douglas, Erin Pippus",none,25,0,0,NA,flood,06:09:00,06:24:00,NA,NA,NA,NA,2,standard,NA,July 6,2018,185
DE539N2,DE539,2,targeted,NA,07:45:00,50.435883,-125.264217,0,1,1,yes,0,0,10,168,10,77,0,0,0,0,0,0,NA,SEMSP,NA,2018-07-05,D10,DI,E,Hall Point,"Julian Gan, Katie Davidson, Sara Tremblay-Boyer, Brian Hendriks",none,100,1,0.1-5,N,flood,06:41:00,06:54:00,NA,NA,NA,NA,2,standard,NA,July 6,2018,186
